Code EPCI,Libellé de l’EPCI,Locataire du parc social,Locataire du secteur libre,Propriétaire occupant,Ensemble
200068047,CA Creil Sud Oise,"46,8","17,3","35,9",100
246200364,CA de Lens-Liévin,"41,1","12,2","46,7",100
200027548,CC des Savanes,"39,7","22,7","37,6",100
246200299,CA d'Hénin-Carvin,"36,5","12,9","50,6",100
200018653,CA Cap Excellence,"33,1","21,3","45,6",100
245700398,CC de Freyming-Merlebach,"32,1","17,4","50,5",100
200066876,CA de Châlons-en-Champagne,"31,3",18,"50,7",100
200067213,CU du Grand Reims,"31,1","24,7","44,2",100
200058782,CA de Saint-Quentin-en-Yvelines,"30,7","15,8","53,6",100
240200477,CA GrandSoissons Agglomération,"30,2","22,2","47,6",100
247600646,CC Caux-Austreberthe,"29,9",13,"57,1",100
245900428,CU de Dunkerque,"29,8","18,8","51,5",100
247600786,CA de la Région Dieppoise,"29,8","23,2",47,100
249500109,CA de Cergy-Pontoise,"29,8","21,7","48,5",100
200055655,CA Roissy Pays de France,"29,7","18,5","51,9",100
200023414,Métropole Rouen Normandie,"29,5","25,2","45,3",100
249740119,CA Intercommunale du Nord de la Réunion (CINOR),"28,8","36,9","34,3",100
200044618,CA Douaisis Agglo,"28,5",19,"52,5",100
247700057,CA Melun Val de Seine,"28,5","20,9","50,7",100
200043495,CA du Pays de Laon,"28,1","22,1","49,8",100
245901152,CC Cœur d'Ostrevent,"28,1","13,9",58,100
200041630,CA Ardenne Métropole,28,"21,3","50,7",100
200042935,CA Haut-Bugey Agglomération,28,"17,6","54,3",100
200084952,CU Le Havre Seine Métropole,"27,8","22,6","49,6",100
200059228,CA Grand Paris Sud Seine Essonne Sénart,"27,7",20,"52,3",100
200054781,Métropole du Grand Paris,"27,2","32,6","40,2",100
246200729,CA du Boulonnais,"27,1",23,"49,9",100
243800604,CA Porte de l'Isère (C.A.P.I),"26,7","19,1","54,2",100
200034718,"CC de Vitry, Champagne et Der","26,6","17,8","55,5",100
200059889,CU Grand Paris Seine et Oise,"26,1","18,9",55,100
200057958,CA Paris-Vallée de la Marne,26,"17,7","56,3",100
200043396,CA Maubeuge Val de Sambre,"25,9","19,9","54,2",100
248000531,CA Amiens Métropole,"25,9","32,5","41,6",100
200069250,CA Troyes Champagne Métropole,"25,7","22,3",52,100
200067999,CA du Beauvaisis,"25,4","24,3","50,3",100
245901160,CA Valenciennes Métropole,"25,4","24,2","50,4",100
200000545,CC des Portes de Romilly-sur-Seine,"25,3","19,5","55,2",100
249730037,CC de l'Ouest Guyanais,"25,1",37,"37,9",100
200090751,CA Grand Calais Terres et Mers,"24,8","23,5","51,7",100
244900015,CU Angers Loire Métropole,"24,8","27,7","47,5",100
249730045,CA du Centre Littoral,"24,8","36,7","38,5",100
243700754,Tours Métropole Val de Loire,"24,6","27,7","47,6",100
200057859,CA Cœur d'Essonne Agglomération,"24,4","17,2","58,5",100
247200132,CU Le Mans Métropole,"24,4","23,7","51,8",100
200067965,CA de la Région de Compiègne et de la Basse Automne,"24,2","26,5","49,3",100
247700107,CC Pays de Montereau,24,"19,8","56,3",100
245700372,CA de Forbach Porte de France,"23,9",22,"54,2",100
249500489,CC du Haut Val d'Oise,"23,9","18,8","57,3",100
200072130,CA du Pays de Meaux,"23,8","21,8","54,4",100
200042190,CA de la Porte du Hainaut,"23,7","18,3",58,100
200072460,"CA de Béthune-Bruay, Artois-Lys Romane","23,7","18,2","58,1",100
245701164,CC du Warndt,"23,7",19,"57,3",100
241000405,CC de la Région de Bar-sur-Aube,"23,5","15,4","61,1",100
249720061,CA du Centre de la Martinique,"23,5","33,1","43,4",100
200058477,CA Val d'Yerres Val de Seine,"23,4","16,7","59,9",100
200093201,Métropole Européenne de Lille,"23,4","27,4","49,2",100
200065597,CU Caen la Mer,"23,3","30,6",46,100
244500203,CA Montargoise et Rives du Loing (A.M.E.),"23,3","19,9","56,8",100
200069052,CA Grand Belfort,"22,8","24,8","52,4",100
200068658,CA de Chaumont,"22,6","18,3",59,100
200071454,CA Evreux Portes de Normandie,"22,5","20,3","57,2",100
243600327,CA Châteauroux Métropole,"22,5",19,"58,4",100
249740093,CA Intercommunale de la Réunion Est (CIREST),"22,4","27,6","49,9",100
249740101,CA Territoire de la Côte Ouest (TCO),"22,4","26,7","50,9",100
240100891,CC du Pays Bellegardien (CCPB),"22,3","21,1","56,6",100
246100663,CU d'Alençon,"22,3","21,8","55,9",100
200033579,CU d'Arras,"22,2","22,9",55,100
246700488,Eurométropole de Strasbourg,"22,2","39,4","38,4",100
200043404,CC du Sud Avesnois,"22,1","25,1","52,9",100
200071892,CA du Saint-Quentinois,"22,1","26,6","51,4",100
247100290,CU Le Creusot Montceau-les-Mines,"22,1","18,3","59,6",100
200033181,CA Chartres Métropole,22,"19,8","58,3",100
200040590,CA Villefranche Beaujolais Saône,22,"26,6","51,4",100
247000011,CA de Vesoul,22,"26,2","51,8",100
200067205,CA du Cotentin,"21,9","18,3","59,8",100
200039865,Metz Métropole,"21,8","32,3","45,9",100
200089456,CA Seine-Eure,"21,6","16,7","61,7",100
245400262,CA Grand Longwy Agglomération,"21,5","20,1","58,4",100
200046977,Métropole de Lyon,"21,4","35,3","43,3",100
200056232,CA Communauté Paris-Saclay,"21,4","22,2","56,4",100
200070308,CA Mâconnais Beaujolais Agglomération,"21,3","22,5","56,2",100
200069110,CA du Grand Chambéry,"20,9",26,"53,1",100
242000354,CA de Bastia,"20,9","29,8","49,4",100
200068450,CC Argentan Intercom,"20,8","18,6","60,5",100
244200770,Saint-Etienne Métropole,"20,8","28,2",51,100
200058485,CA Val Parisis,"20,6",18,"61,5",100
200006716,CC du Nogentais,"20,5","16,9","62,6",100
200066975,CC Senlis Sud Oise,"20,3","22,1","57,6",100
245804406,CA de Nevers,"20,3","24,2","55,5",100
241400555,CC de Bayeux Intercom,20,"20,8","59,2",100
246800726,CA Colmar Agglomération,20,"29,7","50,4",100
246300701,Clermont Auvergne Métropole,"19,9",32,"48,1",100
248900334,CA du Grand Sénonais,"19,9",23,"57,1",100
244500468,Orléans Métropole,"19,6","28,4",52,100
247800584,CA Versailles Grand Parc (C.A.V.G.P.),"19,6",26,"54,4",100
243500139,Rennes Métropole,"19,5","31,5",49,100
245701362,CA Portes de France-Thionville,"19,5","26,3","54,2",100
243300316,Bordeaux Métropole,"19,4","36,8","43,7",100
245400676,Métropole du Grand Nancy,"19,4","38,6",42,100
200068666,CA de Saint-Dizier Der et Blaise,"19,3","18,9","61,8",100
241800507,CA Bourges Plus,"19,3","23,3","57,4",100
247300254,CC de Haute-Tarentaise,"19,1","24,2","56,7",100
248400251,CA du Grand Avignon (COGA),"19,1","29,8",51,100
200023299,CC Cœur de Tarentaise,19,"23,3","57,7",100
241300417,CA d'Arles-Crau-Camargue-Montagnette,"18,9","29,6","51,4",100
200023240,CC Pays de Nemours,"18,8",18,"63,2",100
200010700,CA Caux Seine Agglo,"18,6","16,6","64,9",100
200058519,CA Saint Germain Boucles de Seine,"18,6","22,3","59,1",100
242100410,Dijon Métropole,"18,6","33,2","48,2",100
200070993,CA de la Baie de Somme,"18,5","22,1","59,4",100
200056380,CA Plaine Vallée,"18,4","21,2","60,4",100
200067114,CA de l'Auxerrois,"18,4","23,2","58,3",100
200067684,"CA Épernay, Coteaux et Plaine de Champagne","18,3","21,9","59,7",100
200030385,CA de Blois Agglopolys,"18,2","21,8",60,100
200071751,CA du Bassin de Bourg-en-Bresse,"18,2","19,6","62,2",100
200033025,CA de Bar-le-Duc-Sud Meuse,"18,1","20,1","61,8",100
200065647,CA Pays de Montbéliard Agglomération,"18,1","20,3","61,6",100
200040715,Grenoble-Alpes-Métropole,18,"30,9","51,2",100
241400415,CC Cœur Côte Fleurie,18,"24,3","57,7",100
200011773,CA Annemasse-les Voirons-Agglomération,"17,9","32,3","49,8",100
200069821,CA Fécamp Caux Littoral Agglomération,"17,9","21,8","60,3",100
244400644,CA de la Région Nazairienne et de l'Estuaire (CARENE),"17,9",24,"58,1",100
246000756,CC du Pays Noyonnais,"17,9",20,"62,1",100
247600620,CC Yvetot Normandie,"17,9","22,3","59,8",100
248719312,CU Limoges Métropole,"17,9","29,2",53,100
242500361,CU Grand Besançon Métropole,"17,8","31,6","50,5",100
246000376,CC du Clermontois,"17,8","17,3","64,9",100
200069532,CA Lisieux Normandie,"17,7","21,4","60,9",100
242900314,Brest Métropole,"17,7","29,3",53,100
244800405,CC Cœur de Lozère,"17,7","28,7","53,6",100
200066009,CA Mulhouse Alsace Agglomération,"17,6","28,4","53,9",100
200071785,CA Chauny-Tergnier-La Fère,"17,6","21,5","60,9",100
244400404,Nantes Métropole,"17,6","30,4",52,100
200067502,CA Saint-Avold Synergie,"17,5",20,"62,6",100
246000129,CC du Liancourtois,"17,5","15,9","66,6",100
247200090,CC Communauté de communes du Pays Sabolien,"17,5","21,9","60,7",100
200036135,CC Cœur de France,"17,4","17,9","64,8",100
200071116,CA ECLA  (Espace Communautaire Lons Agglomération),"17,3","26,1","56,6",100
200068997,CA Arlysère,"17,2","19,7","63,2",100
243500782,CA du Pays de Saint Malo Agglomération,"17,2","21,8","60,9",100
246000921,CC des Pays d'Oise et d'Halatte,"17,2","15,6","67,2",100
241700434,CA de La Rochelle,"17,1","28,3","54,6",100
247100589,CA Le Grand Chalon,"17,1","22,2","60,7",100
245701222,CA du Val de Fensch,17,"21,9","61,1",100
200033116,CC Cluses-Arve et Montagnes,"16,9","25,1",58,100
200054807,Métropole d'Aix-Marseille-Provence,"16,9","31,5","51,6",100
200072999,CC du Grand Langres,"16,9","19,2","63,9",100
242101491,CC du Montbardois,"16,9","15,7","67,3",100
200071843,CC du Vexin Normand,"16,8","17,7","65,5",100
200077014,CA Vienne Condrieu,"16,7","22,6","60,7",100
200049187,CA du Grand Verdun,"16,6","30,9","52,4",100
200066389,CA Saint-Lô Agglo,"16,6","20,3",63,100
200071991,CC Retz-en-Valois,"16,5","18,6","64,9",100
243600236,CC du Pays d'Issoudun,"16,5",18,"65,6",100
243900479,CC Haut-Jura Arcade Communauté,"16,5","25,9","57,6",100
247000722,CC du Pays d'Héricourt,"16,5","13,1","70,4",100
247700701,CC Brie Nangissienne,"16,5","16,4",67,100
200065787,CC de Pont-Audemer / Val de Risle,"16,4","20,2","63,4",100
200068757,CA d'Épinal,"16,4",24,"59,6",100
200026573,CC Haut-Jura Saint-Claude,"16,3","21,3","62,4",100
200041788,CA du Pays Nord Martinique,"16,3","22,3","61,4",100
200042729,CC de la Baie du Cotentin,"16,3","18,7",65,100
248900383,CC de l'Agglomération Migennoise,"16,3","19,1","64,6",100
200040277,CA Agglo du Pays de Dreux,"16,1","17,7","66,2",100
249710062,CA du Nord Basse-Terre,"16,1","19,2","64,8",100
200042174,CA Lorient Agglomération,16,"21,6","62,4",100
200043081,"CC Chinon, Vienne et Loire",16,"18,3","65,7",100
200069839,CC de la Côte d'Albâtre,"15,8",20,"64,2",100
200083392,CA Laval Agglomération,"15,8",24,"60,3",100
242900645,CC Douarnenez Communauté,"15,8","14,4","69,8",100
246000582,CC des Sablons,"15,8","12,9","71,3",100
200070464,CC Cœur de Maurienne Arvan,"15,7","20,1","64,2",100
242101459,CC du Pays d'Alésia et de la Seine,"15,7","16,3",68,100
243100518,Toulouse Métropole,"15,7","42,8","41,5",100
240100750,CA du Pays de Gex,"15,6","26,8","57,6",100
244500211,CC Giennoises,"15,6","19,8","64,6",100
249740077,CA CIVIS (Communauté Intercommunale des VIlles Solidaires),"15,6","30,9","53,5",100
200068468,CC des Pays de L'Aigle,"15,5","20,6","63,9",100
200065589,CC Val ès Dunes,"15,4","12,7","71,9",100
249720053,CA de l'Espace Sud de la Martinique,"15,4","21,8","62,9",100
200010650,CA du Grand Dole,"15,3","23,3","61,4",100
200043065,CC du Val d'Amboise,"15,3",19,"65,8",100
200066280,CC du Pithiverais,"15,3",17,"67,7",100
200072312,CA Seine Normandie Agglomération,"15,3","20,3","64,4",100
243400017,Montpellier Méditerranée Métropole,"15,3","41,4","43,3",100
246000772,CC des Deux Vallées,"15,3","13,4","71,2",100
247700594,CA Marne et Gondoire,"15,3","26,6","58,1",100
248500589,CA La Roche-sur-Yon Agglomération,"15,3","23,4","61,3",100
249100595,CC Le Dourdannais en Hurepoix (CCDH),"15,3","18,1","66,5",100
200071140,CA Moulins Communauté,"15,2","23,7","61,1",100
240100610,CC de la Côtière à Montluel,"15,2","17,7",67,100
200023125,CC Les Portes Briardes entre Villes et Forêts,"15,1","17,3","67,6",100
200040798,CC Val Vanoise,"15,1","17,9",67,100
240500439,CC du Briançonnais,"15,1","27,5","57,4",100
243301165,CC Jalle-Eau-Bourde,"15,1","16,4","68,6",100
247700644,CC l'Orée de la Brie,15,"21,4","63,6",100
200066793,CA du Grand Annecy,"14,9","27,5","57,6",100
200067254,CA Pau Béarn Pyrénées,"14,9","32,3","52,8",100
200069854,CU du Grand Poitiers,"14,9",34,"51,1",100
245701271,CC du Pays Orne Moselle,"14,9","22,8","62,3",100
249710070,CA Grand Sud Caraïbe,"14,9","20,8","64,4",100
200071827,CA du Grand Angoulême,"14,8","26,3","58,9",100
200039949,CC Rives de Moselle,"14,7","23,8","61,6",100
243100633,CA du Sicoval,"14,7","25,4","59,9",100
245400601,CC du Bassin de Pompey,"14,6","16,1","69,3",100
200036069,CC du Pays de Mortagne-au-Perche,"14,5","18,9","66,6",100
200070530,CC du Grand Autunois Morvan,"14,5","18,5",67,100
200071082,CA Montluçon Communauté,"14,5","25,5",60,100
200072452,CA Fougères Agglomération,"14,5","21,8","63,7",100
240800821,"CC Ardenne, Rives de Meuse","14,5",23,"62,6",100
200068781,CA Valence Romans Agglo,"14,4","26,1","59,5",100
244900809,CC Anjou Bleu Communauté,"14,4","19,1","66,5",100
200071876,CA Saumur Val de Loire,"14,3","21,1","64,6",100
241800374,CC La Septaine,"14,3","15,8","69,9",100
200068120,CA Quimper Bretagne Occidentale,"14,2","21,8",64,100
200071678,CA Agglomération du Choletais,"14,2","19,5","66,3",100
200072031,CA de la Région de Château-Thierry,"14,2",20,"65,8",100
243000643,CA de Nîmes Métropole,"14,2","34,2","51,5",100
247200348,CC du Pays Fléchois,"14,2","19,5","66,3",100
248400236,CC du Pays Réuni d'Orange,"14,2","32,7","53,1",100
200070977,CC du Grand Roye,"14,1","22,6","63,4",100
200043156,CC du Pays Rethélois,14,"20,2","65,9",100
200067825,CA Gap-Tallard-Durance,14,"29,8","56,2",100
200069458,CC des Vallées d'Auge et du Merlerault,"13,9","19,6","66,6",100
200072015,CA Annonay Rhône Agglo,"13,9","21,4","64,7",100
200068278,CC Berry Loire Puisaye,"13,8","15,4","70,8",100
200035731,CA Roannais Agglomération,"13,7","25,9","60,4",100
200065563,CC Normandie-Cabourg-Pays d'Auge,"13,7",17,"69,3",100
200066918,CA Alès Agglomération,"13,7","27,2","59,1",100
200000800,CC Cœur de Sologne,"13,6","16,8","69,6",100
200006682,"CA Beaune, Côte et Sud-Communauté Beaune-Chagny-Nolay","13,6","20,9","65,5",100
200068377,CC de la Porte des Vosges Méridionales,"13,5","26,2","60,2",100
200069300,CA Tarbes-Lourdes-Pyrénées,"13,5","25,5",61,100
240100800,CC de Miribel et du Plateau,"13,5","18,7","67,8",100
249100546,CC du Val d'Essonne (CCVE),"13,5","14,3","72,2",100
200040137,CC des Lacs de Champagne,"13,4","17,5","69,1",100
200040657,CC de la Matheysine,"13,4","15,4","71,2",100
200072072,CA Territoires Vendômois,"13,4","17,5","69,1",100
240100883,CC de la Plaine de l'Ain,"13,4","20,8","65,8",100
241500230,CA du Bassin d'Aurillac,"13,4",21,"65,6",100
200034825,CA du Grand Guéret,"13,3","21,4","65,3",100
200069037,CA du Pays de Saint-Omer,"13,3","23,3","63,5",100
248300543,Métropole Toulon-Provence-Méditerranée,"13,3","33,5","53,2",100
248900938,CC du Jovinien,"13,3","20,6","66,1",100
200040905,CC Carmausin-Ségala,"13,2","17,1","69,7",100
200068641,CA Le Muretain Agglo,"13,2",23,"63,9",100
200036465,CC de Thann-Cernay,"13,1","24,2","62,7",100
200068559,CC de l'Ouest Vosgien,"13,1","18,6","68,3",100
200035111,CC des Sources de l'Orne,13,"21,6","65,4",100
200069193,CC de la Dombes,13,"18,2","68,8",100
246200380,CC de la Terre des Deux Caps,13,"17,5","69,5",100
246800569,CC de la Région de Guebwiller,13,"23,6","63,4",100
200070563,CC Terres Touloises,"12,9","21,4","65,7",100
249000241,CC du Sud Territoire,"12,9","19,4","67,7",100
249500455,CC de la Vallée de l'Oise et des Trois Forêts,"12,9","17,7","69,4",100
244000659,CC du Seignanx,"12,8","19,7","67,5",100
200000172,CC Faucigny-Glières,"12,7","26,7","60,6",100
200040566,CA de l'Ouest Rhodanien,"12,7","22,5","64,8",100
200041010,CC Cœur de Savoie,"12,7","15,4","71,9",100
200066157,CC de Commercy-Void-Vaucouleurs,"12,7","19,6","67,7",100
200071074,CC Les Portes de l'Ile de France,"12,7","14,9","72,4",100
242010056,CA du Pays Ajaccien,"12,7","32,3",55,100
243800984,CA du Pays Voironnais,"12,7","21,3",66,100
249730052,CC de l'Est Guyanais,"12,7","44,4","42,9",100
200066892,CC de Vendeuvre-Soulaines,"12,6","14,4",73,100
200069029,CA des Deux Baies en Montreuillois,"12,6","24,9","62,5",100
200071066,CA de Saint-Dié-des-Vosges,"12,6","23,9","63,5",100
241000488,CC de l'Orvin et de l'Ardusson,"12,6",11,"76,5",100
246000764,CC de l'Aire Cantilienne,"12,6","22,3","65,1",100
246800395,CC du Val d'Argent,"12,6","26,6","60,7",100
200042901,CC Drôme Sud Provence,"12,5","22,8","64,7",100
200067973,CC Thelloise,"12,5","14,2","73,3",100
200069961,CC du Grand Châteaudun,"12,5","17,2","70,3",100
200096956,CA Agglomération d'Agen,"12,5","28,6","58,8",100
200068872,CC Éguzon-Argenton-Vallée de la Creuse,"12,4","15,2","72,4",100
246000566,CC du Plateau Picard,"12,4","16,4","71,2",100
247000755,CC du Pays de Luxeuil,"12,4","25,8","61,8",100
200035814,CA Flers Agglo,"12,3","21,4","66,2",100
200066462,CC Interco Normandie Sud Eure,"12,3","18,7",69,100
200067551,CA Thonon Agglomération,"12,3","25,6","62,1",100
243800935,CC Lyon Saint Exupéry en Dauphiné,"12,3","16,7","71,1",100
248400293,CA des Sorgues du Comtat,"12,3","27,6",60,100
200006971,CC du Perche,"12,2","22,8",65,100
200017846,CA Étampois Sud-Essonne,"12,2","22,8",65,100
247000664,CC du Pays de Lure,"12,2","22,2","65,6",100
247400773,CC des Sources du Lac d'Annecy,"12,2","19,6","68,2",100
200000933,CC Sauldre et Sologne,"12,1","19,8","68,1",100
200039758,"CC Avallon, Vézelay, Morvan","12,1","20,6","67,3",100
200041317,CA du Niortais,"12,1","25,1","62,8",100
200070324,CC du Territoire de Lunéville à Baccarat,"12,1","27,2","60,8",100
200071868,CC des Vallées du Haut-Anjou,"12,1",18,"69,9",100
244000675,CA du Grand Dax,"12,1","32,3","55,6",100
200067932,CA Golfe du Morbihan-Vannes Agglomération,12,"24,4","63,6",100
200068799,CC Intercom de la Vire au Noireau,12,"23,4","64,6",100
240200600,CC des Trois Rivières,12,"26,1","61,9",100
242700276,CC du Pays de Conches,12,"16,3","71,7",100
243400769,CA de Béziers-Méditerranée,12,"37,4","50,6",100
243500725,CC Côte d'Émeraude,12,"20,8","67,2",100
243700499,CC du Castelrenaudais,12,18,"69,9",100
200090561,CC Vierzon-Sologne-Berry,"11,9","22,3","65,8",100
242300135,CC du Pays Sostranien,"11,9","19,4","68,7",100
200023372,CC de la Vallée de Chamonix-Mont-Blanc,"11,8","29,9","58,3",100
200039642,CC Le Tonnerrois en Bourgogne,"11,8","19,2",69,100
200040350,CC Bugey Sud,"11,8","18,9","69,3",100
200066355,CA Sète Agglopôle Méditerranée,"11,8","29,8","58,3",100
200071413,CA Privas Centre Ardèche,"11,8","22,4","65,8",100
247400690,CC du Genevois,"11,8","27,5","60,7",100
248600413,CA Grand Châtellerault,"11,8","20,4","67,8",100
200041515,CC du Bassin de Pont-à-Mousson,"11,7","22,8","65,5",100
200069730,CC des 4 Rivières,"11,7","21,3","67,1",100
200096642,CC Gérardmer Hautes Vosges,"11,7","22,3",66,100
247300015,CC des Vallées d'Aigueblanche,"11,7",20,"68,3",100
247700339,CA Val d'Europe Agglomération,"11,7","24,4","63,9",100
249740085,CA du Sud,"11,7","34,6","53,7",100
200027183,CU Perpignan Méditerranée Métropole,"11,6","32,8","55,6",100
200040459,CA Montélimar Agglomération,"11,6","29,5","58,9",100
200044253,CC du Bassin de Joinville en Champagne,"11,6","17,3","71,1",100
200068500,CA de Cambrai,"11,6","26,6","61,9",100
200071504,CC des Collines du Perche Normand,"11,6","17,6","70,7",100
200073161,CC Touraine-Est Vallées,"11,6","14,7","73,7",100
245701404,CC du Pays Haut Val d'Alzette,"11,6","22,8","65,6",100
247300528,CC Val Guiers,"11,6","17,4",71,100
200068369,CC de Mirecourt Dompaire,"11,5","20,1","68,4",100
200071884,CC Le Grand Charolais,"11,5","22,2","66,3",100
245100615,CC de la Grande Vallée de la Marne,"11,5","15,9","72,6",100
247400724,CC du Pays Rochois,"11,5","22,6","65,9",100
200067742,CC Serre-Ponçon,"11,4","25,1","63,5",100
200071017,CC des Terres d'Auxois,"11,4","19,1","69,5",100
243100781,CC de la Save au Touch,"11,4","22,9","65,7",100
243600350,CC de la Châtre et Sainte-Sévère,"11,4","13,2","75,4",100
249500513,CC du Vexin-Val de Seine,"11,4","18,6","69,9",100
200066926,CA Grand Auch Cœur de Gascogne,"11,3","29,5","59,2",100
241100593,CA Le Grand Narbonne,"11,3","28,5","60,2",100
243000593,CC de Petite Camargue,"11,3","22,9","65,8",100
248200099,CA Grand Montauban,"11,3","30,4","58,3",100
200035715,CA Carcassonne Agglo,"11,2","27,6","61,2",100
200040509,CC du Crestois et de Pays de Saillans Cœur de Drôme,"11,2","27,7",61,100
200066413,CC Intercom Bernay Terres de Normandie,"11,2","19,4","69,4",100
200068682,CC Terre d'Eau,"11,2","20,8",68,100
200069409,CA Saint-Brieuc Armor Agglomération,"11,2","23,9","64,9",100
246701080,CC du Pays de Sainte-Odile,"11,2","32,7","56,1",100
248100737,CA de l'Albigeois (C2A),"11,2","30,4","58,5",100
200040392,CA Le Grand Périgueux,"11,1","28,5","60,4",100
200067437,CA Provence-Alpes-Agglomération,"11,1","28,1","60,7",100
243300563,CA Bassin d'Arcachon Sud (COBAS),"11,1","27,1","61,7",100
246900757,CC de la Vallée du Garon (CCVG),"11,1","19,5","69,4",100
200066827,CC du Pays de Honfleur-Beuzeville,11,"29,4","59,6",100
200067106,CA du Pays Basque,11,"29,4","59,6",100
200068005,CC de l'Oise Picarde,11,"17,8","71,1",100
200068674,CA Grand Lac,11,"26,1","62,9",100
200071405,CC Ardèche Rhône Coiron,11,"22,3","66,7",100
200071967,CC Pays d'Évian Vallée d'Abondance,11,"23,1","65,9",100
200018406,CC du Romorantinais et du Monestois,"10,9","20,9","68,1",100
200023737,CA du Grand Cahors,"10,9","23,9","65,3",100
200044691,CA du Nord Grande Terre,"10,9","13,4","75,8",100
200066058,CA Saint-Louis Agglomération,"10,9","25,6","63,5",100
200070126,CC Seine et Aube,"10,8","12,8","76,4",100
200085751,CC Entre Bièvre et Rhône,"10,8","18,7","70,5",100
247600588,CC des Villes Sœurs,"10,8","22,5","66,7",100
200037133,CC du Provinois,"10,7","26,6","62,7",100
200042497,CC Dombes Saône Vallée,"10,7",15,"74,3",100
200067023,CC Coutances Mer et Bocage,"10,7","20,3",69,100
200067429,CC Haut Nivernais-Val d'Yonne,"10,7","19,4","69,8",100
200071512,CC Commentry Montmarault Néris Communauté,"10,7","16,1","73,2",100
240800847,CC des Portes du Luxembourg,"10,7","20,4","68,9",100
242500338,CC du Grand Pontarlier,"10,7",32,"57,3",100
200034692,CA du Gard Rhodanien,"10,6","23,7","65,7",100
200036549,CC Val de Gray,"10,6",24,"65,4",100
200068955,CC Anjou Loir et Sarthe,"10,6","15,8","73,6",100
240200444,CC de la Thiérache du Centre,"10,6","21,3","68,1",100
246000848,CC de la Picardie Verte,"10,6","17,4",72,100
246800445,CC du Centre du Haut-Rhin,"10,6",18,"71,4",100
200039915,CA Cannes Pays de Lérins,"10,5","34,2","55,3",100
200067817,CC Saône-Beaujolais,"10,5","22,7","66,9",100
200068567,CC Les Vals du Dauphiné,"10,5","16,8","72,8",100
200070985,CC de l'Est de la Somme,"10,5","21,9","67,6",100
200072981,CC Touraine Ouest Val de Loire,"10,5","15,1","74,4",100
200073344,CA Rambouillet Territoires,"10,5","19,2","70,3",100
243600301,CC Val de l'Indre-Brenne,"10,5","16,3","73,1",100
244100806,CC de la Sologne des Rivières,"10,5","17,7","71,7",100
244900882,CC Baugeois Vallée,"10,5","16,8","72,7",100
248100430,CA de Castres Mazamet,"10,5","26,3","63,2",100
200037059,CC de la Haute Somme (Combles-Péronne-Roisel),"10,4","21,8","67,8",100
200044014,CC Creuse Grand Sud,"10,4","21,9","67,7",100
200059400,CC Porte Océane du Limousin,"10,4","17,8","71,8",100
200069623,CC Champagnole Nozeroy Jura,"10,4","20,7","68,9",100
200071363,CA Vichy Communauté,"10,4","27,8","61,7",100
200000628,CC Rhône Lez Provence,"10,3",27,"62,7",100
200070100,CC du Val de Sully,"10,3","18,6",71,100
241400514,CC du Pays de Falaise,"10,3","20,2","69,6",100
242900769,CA Concarneau Cornouaille Agglomération,"10,3","15,8","73,8",100
243301249,CC Les Rives de la Laurence,"10,3","19,3","70,4",100
246000871,CC du Pays de Valois,"10,3","19,7",70,100
246900625,CC du Pays de l'Arbresle (CCPA),"10,3","19,2","70,5",100
200030195,Métropole Nice Côte d'Azur,"10,2","36,9","52,9",100
200069953,CC des Portes Euréliennes d'Île-de-France,"10,2","16,2","73,7",100
200070167,CC Terres de Perche,"10,2","17,5","72,4",100
242020105,CC de Calvi Balagne,"10,2","33,3","56,5",100
243400520,CC du Pays de Lunel,"10,2","29,3","60,5",100
246000913,CC du Pays de Bray,"10,2","12,7","77,1",100
200033868,CC des Ballons des Hautes-Vosges,"10,1","21,2","68,7",100
200067643,CC Meurthe Mortagne Moselle,"10,1","17,1","72,8",100
200070068,CC Communauté Bray-Eawy,"10,1","19,6","70,3",100
200070555,CC de la Veyle,"10,1","16,1","73,8",100
241900133,CC de Ventadour-Egletons-Monédières,"10,1","20,5","69,4",100
243301355,CC Les Coteaux Bordelais,"10,1","16,7","73,2",100
244000808,CA Mont-de-Marsan Agglomération,"10,1","30,3","59,6",100
248400319,CC du Pays des Sorgues et des Monts de Vaucluse,"10,1","27,9",62,100
200041960,CC Pévèle-Carembault,10,"15,9","74,1",100
200068856,CC des Hauts du Perche,10,"14,8","75,2",100
246500482,CC de la Haute-Bigorre,10,"21,5","68,5",100
248600447,CC du Pays Loudunais,10,"16,6","73,4",100
200069524,CC Pré-Bocage Intercom,"9,9","17,6","72,5",100
241800457,CC FerCher,"9,9","16,6","73,6",100
247300676,CC Porte de Maurienne,"9,9","16,5","73,6",100
200035103,CC de la Vallée de la Haute Sarthe,"9,8","18,3","71,9",100
200040442,CA Luberon Monts de Vaucluse,"9,8","31,3","58,9",100
200041762,CA Rochefort Océan,"9,8","26,7","63,6",100
200043354,CC de Villedieu Intercom,"9,8","24,5","65,7",100
200067759,CC Vallées et Plateau d'Ardenne,"9,8",20,"70,1",100
200071983,CC Thiérache Sambre et Oise,"9,8","24,1",66,100
243000585,CC Beaucaire Terre d'Argence,"9,8","33,6","56,6",100
245300447,CC du Pays de Château-Gontier,"9,8","21,8","68,4",100
247300817,CC Les Versants d'Aime,"9,8","19,9","70,3",100
200018166,CC Le Grésivaudan,"9,7","15,8","74,4",100
200040947,CC de Flandre Intérieure,"9,7",22,"68,4",100
200071520,CC Domfront Tinchebray Interco,"9,7","19,9","70,4",100
240500462,CC du Pays des Ecrins,"9,7","19,7","70,7",100
246900765,CC du Pays de l'Ozon,"9,7","17,7","72,6",100
248300493,CA Dracénie Provence Verdon Agglomération,"9,7","28,2","62,1",100
200005932,CC des Portes de Sologne,"9,6","15,5","74,9",100
200042604,"CC de Granville, Terre et Mer","9,6","25,5","64,9",100
200069003,CC du Barséquanais en Champagne,"9,6",17,"73,4",100
241800432,CC Les Trois Provinces,"9,6","18,9","71,5",100
245400189,CC des Pays du Sel et du Vermois,"9,6","20,2","70,1",100
246701064,CC de la Région de Molsheim-Mutzig,"9,6","23,3","67,2",100
200039204,CC de Lacq-Orthez,"9,5","18,6","71,9",100
200067247,CC Pleyben-Châteaulin-Porzay,"9,5","16,3","74,2",100
241200567,CC de Millau Grands Causses,"9,5","27,8","62,8",100
247400740,CC Rumilly Terre de Savoie,"9,5","18,7","71,7",100
200039022,CA Vitré Communauté,"9,4","21,2","69,4",100
243600319,CC Brenne-Val de Creuse,"9,4","19,2","71,3",100
245100979,CC du Sud Marnais,"9,4","21,3","69,3",100
247400567,CC Fier et Usses,"9,4","18,7","71,9",100
200043263,CC Cœur de l'Avesnois,"9,3","27,2","63,5",100
200066801,CC Isigny-Omaha Intercom,"9,3","15,8","74,9",100
200067031,CC Côte Ouest Centre Manche,"9,3","18,9","71,8",100
245100888,CC de la Brie Champenoise,"9,3","20,8",70,100
246600449,CC des Aspres,"9,3","21,1","69,6",100
200034882,CC Pays du Mont-Blanc,"9,2","26,9","63,9",100
200040491,CC Porte de Drômardèche,"9,2","22,2","68,6",100
200070316,"CC Entre Arroux, Loire et Somme","9,2","17,5","73,3",100
200070902,CC Auxonne Pontailler Val de Saône,"9,2",17,"73,8",100
200071934,CC Pays de Fontenay-Vendée,"9,2","20,3","70,4",100
241400860,CC Cœur de Nacre,"9,2","22,3","68,6",100
244301131,CC Loire et Semène,"9,2","17,9","72,9",100
200036473,CA de Saintes,"9,1",25,"65,9",100
200039857,CA du Pays de Grasse,"9,1","26,2","64,7",100
200044030,CC des 7 Vallées,"9,1","21,4","69,5",100
200067064,CC Decazeville Communauté,"9,1","21,3","69,7",100
200067676,CC Canaux et Forêts en Gâtinais,"9,1","16,5","74,3",100
200069912,CC des Forêts du Perche,"9,1","15,2","75,7",100
200070092,CA du Libournais,"9,1","28,3","62,6",100
246200844,CC de la Région d'Audruicq,"9,1","18,3","72,6",100
200069847,CC Plateau de Caux-Doudeville-Yerville,9,"16,7","74,4",100
200070340,CC Haute Maurienne Vanoise,9,22,69,100
200071777,"CC d'Arcis, Mailly, Ramerupt",9,"21,1","69,9",100
243600293,CC de la Région de Levroux,9,"13,4","77,6",100
245501184,CC du Pays de Revigny-sur-Ornain,9,18,73,100
247300452,CC Maurienne Galibier,9,"20,2","70,8",100
200034700,CA Durance-Lubéron-Verdon Agglomération,"8,9","29,9","61,2",100
200060010,CA Mauges Communauté,"8,9","15,8","75,3",100
200069425,CA Mont-Saint-Michel-Normandie,"8,9","23,6","67,4",100
200070647,CA Bergeracoise,"8,9","25,6","65,5",100
241000447,CC du Pays d'Othe,"8,9","11,8","79,3",100
248400053,CA Ventoux-Comtat-Venaissin (COVE),"8,9","32,6","58,5",100
249710047,CC de Marie-Galante,"8,9","20,3","70,9",100
200029999,CC Rives de l'Ain-Pays du Cerdon,"8,8",20,"71,2",100
200035319,CA Estérel Côte d'Azur Agglomération,"8,8","28,7","62,5",100
200040244,CA du Bocage Bressuirais,"8,8","18,7","72,5",100
200067874,CA de Haguenau,"8,8","26,5","64,6",100
200071587,CC Loches Sud Touraine,"8,8","18,3","72,9",100
200072346,CA du Pays de Fontainebleau,"8,8","24,6","66,6",100
200072668,CC Touraine Val de Vienne,"8,8","16,6","74,5",100
243801073,CC de Bièvre Est,"8,8","13,4","77,8",100
247200686,CC du Pays de l'Huisne Sarthoise,"8,8","21,5","69,7",100
247700032,CC Moret Seine et Loing,"8,8","15,8","75,4",100
200040954,CC des Hauts de Flandre,"8,7","17,7","73,6",100
200042620,CC de la Région de Suippes,"8,7",25,"66,3",100
200068534,CC Terroir de Caux,"8,7","15,7","75,6",100
200070712,CC Thiers Dore et Montagne,"8,7","20,2","71,1",100
200072650,CC Touraine Vallée de l'Indre,"8,7","13,8","77,6",100
241700459,CC de l'Île de Ré,"8,7","22,4","68,9",100
242900744,CC Poher communauté,"8,7","18,6","72,6",100
200066835,CC de Sézanne-Sud Ouest Marnais,"8,6",17,"74,3",100
241200187,CA Rodez Agglomération,"8,6","34,4","56,9",100
243301371,CC du Pays Foyen,"8,6","29,8","61,6",100
245700133,CC du District Urbain de Faulquemont (DUF),"8,6","19,3","72,1",100
247300262,CC de Yenne,"8,6","17,4",74,100
247700065,CC du Pays de l'Ourcq,"8,6","21,6","69,9",100
200035087,CA Terre de Provence,"8,5","30,4","61,1",100
200040558,CC Écueillé-Valençay,"8,5","15,4","76,1",100
200043172,CA du Bassin de Brive,"8,5","26,3","65,3",100
200043321,CC du Pays de Mormal,"8,5","19,3","72,2",100
200055481,CC Beauce Val de Loire,"8,5","15,4","76,1",100
200069060,CC des Vosges du Sud,"8,5","16,2","75,3",100
200070118,CC Val de Saône Centre,"8,5","16,4","75,2",100
200071850,CC du Pithiverais-Gâtinais,"8,5","15,5",76,100
241000223,"CC Forêts, Lacs, Terres en Champagne","8,5","13,5",78,100
241400878,CC Terre d'Auge,"8,5","18,4","73,2",100
242900835,CA Morlaix Communauté,"8,5","18,9","72,6",100
244000691,CC du Pays Morcenais,"8,5","19,6","71,9",100
245500327,CC du Sammiellois,"8,5","22,8","68,7",100
200035764,CC de la Beauce Loirétaine,"8,4",17,"74,6",100
200040764,CC du Sud Corse,"8,4","35,1","56,4",100
200066744,CC Haute-Corrèze Communauté,"8,4","21,1","70,5",100
200069664,CC Meuse Rognon,"8,4","14,1","77,5",100
200073245,CC du Bassin d'Aubenas,"8,4","28,1","63,5",100
200090504,CA Coulommiers Pays de Brie,"8,4","21,2","70,4",100
200041721,CC de la Haute Comté,"8,3","18,2","73,5",100
200070944,CC du Vimeu,"8,3","21,5","70,1",100
243500550,CC Montfort Communauté,"8,3","16,1","75,6",100
243500774,CC Liffré-Cormier Communauté,"8,3","18,4","73,3",100
247000706,CC du Pays Riolais,"8,3","19,4","72,4",100
247900798,CC du Thouarsais,"8,3","19,2","72,6",100
200040111,CC Cœur de Chartreuse,"8,2","16,3","75,4",100
200040624,CC Pays d'Apt-Luberon,"8,2","27,3","64,5",100
200070142,CC Lyons Andelle,"8,2","18,3","73,5",100
200070365,CC Corbières Salanque Méditerranée,"8,2","20,9","70,9",100
200070845,CC Orne Lorraine Confluences,"8,2","23,9","67,9",100
242101442,CC de Saulieu,"8,2","21,7","70,2",100
243301264,CC de Montesquieu,"8,2","18,4","73,4",100
247600729,CC Falaises du Talou,"8,2","16,3","75,5",100
200000925,CC de la Plaine Dijonnaise,"8,1","10,3","81,6",100
200069722,CC Interrégionale Aumale-Blangy-sur-Bresle,"8,1","20,5","71,3",100
200070670,CC du Pays de Dol et de la Baie du Mont Saint-Michel,"8,1","18,6","73,3",100
200070746,CA Sarreguemines Confluences,"8,1",27,65,100
200071553,CC Loire Layon Aubance,"8,1","15,7","76,2",100
200072676,CC Maine Saosnois,"8,1","20,2","71,6",100
245900758,CC Flandre Lys,"8,1","20,9",71,100
200067700,CC Sud Nivernais,8,"20,4","71,6",100
200069698,CC Mâconnais-Tournugeois,8,"21,7","70,3",100
200070753,CA Riom Limagne et Volcans,8,"20,1","71,9",100
200072478,CC Pays d'Opale,8,"19,2","72,8",100
242100154,CC des Vallées de la Tille et de l'Ignon,8,15,77,100
246700967,CC de Sélestat,8,"31,5","60,5",100
247300361,CC du Canton de La Chambre,8,17,75,100
248500662,CC du Pays de Mortagne,8,"14,4","77,6",100
200033173,CC de la Haute Vallée de Chevreuse,"7,9",17,"75,1",100
200035855,CC Castelnaudary Lauragais Audois,"7,9","30,1",62,100
200065886,CA Loire Forez Agglomération,"7,9","19,8","72,3",100
242101434,CC du Pays Châtillonnais,"7,9","18,4","73,7",100
242900801,CA du Pays de Landerneau-Daoulas,"7,9","15,1",77,100
246000897,CC de la Plaine d'Estrées,"7,9","18,4","73,8",100
246900724,CC des Vallons du Lyonnais (CCVL),"7,9","20,9","71,2",100
200030633,CA du Caudrésis et du Catésis,"7,8","26,7","65,5",100
200067155,"CC Saint Affricain, Roquefort, Sept Vallons","7,8",23,"69,3",100
200068435,CC Cœur du Perche,"7,8","14,8","77,4",100
200070373,CC Loir-Lucé-Bercé,"7,8","19,1","73,1",100
200070928,CC Terre de Picardie,"7,8","21,4","70,8",100
200017341,CC Lodévois et Larzac,"7,7","31,2","61,1",100
200027100,CC Méditerranée Porte des Maures,"7,7","27,6","64,7",100
200043602,"CC des Albères, de la Côte Vermeille et de l'Illibéris","7,7","27,1","65,2",100
200066587,CC des Monts du Lyonnais,"7,7","18,5","73,8",100
200067304,CC Serein et Armance,"7,7","17,9","74,4",100
200068765,CC du Sisteronais-Buëch,"7,7","28,7","63,5",100
200070431,CC Saint-Marcellin Vercors Isère Communauté,"7,7","20,2","72,1",100
240600551,CA de la Riviera Française,"7,7","34,7","57,5",100
241500271,CC du Pays de Mauriac,"7,7","21,1","71,2",100
243400355,CC du Clermontais,"7,7","27,8","64,5",100
246000749,CC des Lisières de l'Oise,"7,7","14,8","77,5",100
247400112,CC du Pays de Cruseilles,"7,7","21,3",71,100
248300410,CC de la Vallée du Gapeau,"7,7","25,1","67,3",100
200066322,CC Terres des Confluences,"7,6","25,8","66,5",100
200068989,CA Dinan Agglomération,"7,6","18,8","73,6",100
200070514,CA du Grand Cognac,"7,6","23,6","68,9",100
200071041,CC du Chaourçois et du Val d'Armance,"7,6","13,4",79,100
200071579,CC Bresse Louhannaise Intercom',"7,6","19,7","72,7",100
200072692,CC des Vallées de la Braye et de l'Anille,"7,6","18,7","73,6",100
200073419,CA du Puy-en-Velay,"7,6","25,8","66,6",100
240600585,CA de Sophia Antipolis,"7,6","31,6","60,8",100
244301099,CC Auzon Communauté,"7,6","17,5","74,9",100
248500340,CC Pays de Chantonnay,"7,6","17,1","75,4",100
248500621,CC du Pays des Herbiers,"7,6","21,8","70,6",100
200036077,CC du Golfe de Saint-Tropez,"7,5","32,4","60,1",100
200059392,CC Bièvre Isère,"7,5",19,"73,5",100
200066231,CC des Portes d'Ariège Pyrénées,"7,5","32,1","60,4",100
200067767,CC du Royans-Vercors,"7,5","22,6","69,8",100
200067981,CA Guingamp-Paimpol Agglomération de l'Armor à l'Argoat,"7,5","20,2","72,3",100
200070811,CC Pyrénées Vallées des Gaves,"7,5","21,4","71,1",100
200085728,CC Brioude Sud Auvergne,"7,5","24,2","68,3",100
244400552,CC du Pays d'Ancenis,"7,5","17,8","74,7",100
244500427,CC des Loges,"7,5","17,4","75,1",100
200023919,CC Gâtinais Val de Loing,"7,4","17,9","74,6",100
200027217,CC Sarlat-Périgord Noir,"7,4",27,"65,5",100
200035442,CC du Sud-Artois,"7,4",18,"74,6",100
200042463,CC de la Montagne Noire,"7,4","20,3","72,4",100
200058360,CC Entre Beauce et Perche,"7,4","15,4","77,2",100
243200417,CC de la Tenarèze,"7,4",23,"69,6",100
243800745,CC de l'Oisans,"7,4",25,"67,6",100
200065928,CA Lannion-Trégor Communauté,"7,3","19,2","73,5",100
200067445,CC Buëch-Dévoluy,"7,3","21,2","71,5",100
200067668,"CC de la Cléry, du Betz et de l'Ouanne","7,3","15,5","77,2",100
200069672,CC du Ternois,"7,3","24,2","68,5",100
200070894,CC de Gevrey-Chambertin et de Nuits-Saint-Georges,"7,3","16,2","76,6",100
200071371,CC Bresse et Saône,"7,3","19,8","72,9",100
200071942,CC Haut Limousin en Marche,"7,3","14,6","78,1",100
200072064,CC Val-de-Cher-Controis,"7,3","17,3","75,3",100
200072080,CC du Pays de Saint-Éloy,"7,3","16,1","76,6",100
200072726,CC Châteaubriant-Derval,"7,3","19,7",73,100
240200469,CC du Pays de la Serre,"7,3","19,3","73,3",100
240700617,CC Val de Ligne,"7,3","21,9","70,8",100
243100773,CC Val'Aïgo,"7,3","21,2","71,5",100
200040574,CC Beaujolais Pierres Dorées,"7,2","17,5","75,2",100
200067916,CC Cœur de Loire,"7,2","19,3","73,5",100
200070159,CC Cœur de Beauce,"7,2","14,2","78,6",100
200070183,CC des Terres du Val de Loire,"7,2","17,1","75,8",100
200071223,CC Nièvre et Somme,"7,2","19,5","73,3",100
240800920,CC de l'Argonne Ardennaise,"7,2",20,"72,9",100
244100293,CC des Collines du Perche,"7,2","17,9","74,9",100
244301016,CC des Sucs,"7,2","23,1","69,7",100
244400610,CA de la Presqu'île de Guérande Atlantique (Cap Atlantique),"7,2","19,2","73,6",100
247400583,CC Arve et Salève,"7,2","23,6","69,2",100
200018083,CC de Desvres-Samer,"7,1","21,2","71,7",100
200035848,CC du Châtillonnais en Berry,"7,1","16,4","76,5",100
200040095,CC Isle Vern Salembre en Périgord,"7,1","17,9",75,100
200043123,CC Auray Quiberon Terre Atlantique,"7,1","21,3","71,6",100
200055887,CC Mayenne Communauté,"7,1","25,1","67,9",100
200066025,CC Pays Rhin-Brisach,"7,1","17,8",75,100
200066363,CC de la Haute Ariège,"7,1","22,5","70,5",100
200071769,CC Picardie des Châteaux,"7,1","18,2","74,6",100
241927201,CA Tulle Agglo,"7,1","20,9",72,100
243500667,CC Val d'Ille-Aubigné,"7,1","17,5","75,4",100
243900354,CC de la Station des Rousses-Haut Jura,"7,1","26,8","66,1",100
246600464,CC Pyrénées catalanes,"7,1",34,"58,9",100
246800205,CC de la Vallée de Saint-Amarin,"7,1","15,3","77,6",100
248000499,CC du Val de Somme,"7,1","17,4","75,4",100
200033298,CC des Coëvrons,7,"19,2","73,7",100
200065894,CC de Forez-Est,7,"21,1","71,9",100
200068088,CC Les Bertranges,7,"17,5","75,5",100
200072544,CC des Deux Morin,7,"17,9","75,1",100
243301504,CA du Bassin d'Arcachon Nord,7,"22,1","70,9",100
244400453,CC de la Région de Blain,7,"19,5","73,4",100
244500484,CC de la Forêt,7,"12,6","80,4",100
200070688,CC Couesnon Marches de Bretagne,"6,9","19,1",74,100
240200493,CC du Pays du Vermandois,"6,9",22,"71,1",100
242852465,CC du Bonnevalais,"6,9","15,9","77,2",100
243301405,CC du Val de l'Eyre,"6,9","17,1","75,9",100
246600373,CC du Vallespir,"6,9","28,6","64,5",100
200040293,CC du Clunisois,"6,8","21,8","71,3",100
200041994,CC Haut Val de Sèvre,"6,8",20,"73,2",100
200073013,CC Carnelle Pays-de-France,"6,8","15,8","77,4",100
200096634,CC des Hautes Vosges,"6,8","20,2",73,100
240700864,CC du Rhône aux Gorges de l'Ardèche,"6,8","24,3","68,9",100
243000650,CC Terre de Camargue,"6,8",31,"62,2",100
243500659,CC Pays de Châteaugiron Communauté,"6,8","19,4","73,9",100
247103765,CC Entre Saône et Grosne,"6,8","17,3","75,8",100
248500464,CC du Pays de Pouzauges,"6,8","16,2",77,100
200007177,CC Pays de Nérondes,"6,7","17,3","75,9",100
200042000,CC Bruyères-Vallons des Vosges,"6,7","22,8","70,5",100
200071918,CC du Pays de Saint-Fulgent-Les Essarts,"6,7","16,1","77,3",100
200072734,CC Estuaire et Sillon,"6,7","15,1","78,2",100
242010130,CC du Sartenais Valinco Taravo,"6,7","33,8","59,6",100
200035202,CC Charlieu-Belmont,"6,6","21,4",72,100
200041150,CC Terrassonnais Haut Périgord Noir,"6,6","21,6","71,8",100
200043974,CC du Sud Gironde,"6,6","29,2","64,3",100
200070407,CA Agglo Pays d'Issoire,"6,6","21,3","72,2",100
200071314,CC des Hauts Tolosans,"6,6","22,7","70,7",100
200072882,CC de Vie et Boulogne,"6,6","16,3","77,1",100
242600252,CC du Val de Drôme en Biovallée,"6,6","20,7","72,7",100
243400819,CA Hérault-Méditerranée,"6,6","30,9","62,5",100
244800470,CC du Gévaudan,"6,6","24,7","68,7",100
245501242,CC du Pays d'Étain,"6,6","24,6","68,9",100
246600399,CC Pyrénées Cerdagne,"6,6",33,"60,4",100
246800577,CC du Pays de Ribeauvillé,"6,6","26,8","66,5",100
200023620,CC de la Gascogne Toulousaine,"6,5",21,"72,5",100
200035129,CC de Cèze Cévennes,"6,5","28,5","64,9",100
200071165,CA Les Sables d'Olonne Agglomération,"6,5",24,"69,5",100
242900710,CC du Haut Pays Bigouden,"6,5","10,8","82,7",100
247200447,CC Orée de Bercé-Belinois,"6,5","15,6",78,100
200066603,CC du Pays de Lubersac-Pompadour,"6,4","16,8","76,7",100
200070951,CC du Territoire Nord Picardie,"6,4","19,7","73,9",100
200072304,CC Vallée de l'Ubaye-Serre-Ponçon,"6,4","27,6",66,100
200073252,CC de la Castagniccia-Casinca,"6,4","30,8","62,9",100
240700815,CC Berg et Coiron,"6,4","22,9","70,7",100
243500733,CC Bretagne Romantique,"6,4","18,9","74,7",100
245300223,CC du Pays de Meslay-Grez,"6,4","19,6",74,100
245614433,CC Pontivy Communauté,"6,4","20,4","73,2",100
245701354,CC de l'Arc Mosellan,"6,4","13,4","80,1",100
246700926,CC du Pays de Wissembourg,"6,4","26,1","67,5",100
248500415,CC du Pays de la Châtaigneraie,"6,4","15,7","77,9",100
200006930,CC du Haut Allier,"6,3","25,1","68,6",100
200066512,CC Élan Limousin Avenir Nature,"6,3","12,8","80,9",100
200066728,CC Vallées de l'Orne et de l'Odon,"6,3","12,5","81,2",100
200067379,CC Côtes de Champagne et Val de Saulx,"6,3","16,2","77,4",100
200069227,CC Pays Fort Sancerrois Val de Loire,"6,3","15,9","77,8",100
200071470,CC Entr'Allier Besbre et Loire,"6,3","21,5","72,2",100
200073096,CA Arche Agglo,"6,3","24,6","69,2",100
240200576,CC de la Champagne Picarde,"6,3","18,4","75,3",100
240900431,CC du Pays de Tarascon,"6,3","22,3","71,4",100
242900694,CA Quimperlé Communauté,"6,3","16,1","77,7",100
245400171,CC Moselle et Madon,"6,3","16,6","77,1",100
245600465,CC de Belle-Île-en-Mer,"6,3","21,2","72,5",100
246800585,CC de la Vallée de Munster,"6,3","22,8","70,9",100
248000747,CC du Pays du Coquelicot,"6,3","22,5","71,2",100
200016905,CC du Pays de Lamastre,"6,2","21,4","72,5",100
200048551,CC du Pays de Craon,"6,2","19,5","74,3",100
200066165,CC Val de Meuse-Voie Sacrée,"6,2","17,2","76,5",100
200066710,CC Cingal-Suisse Normande,"6,2","15,5","78,3",100
200067866,CC Sèvre et Loire,"6,2","17,4","76,4",100
200069185,CC des Terres d'Apcher-Margeride-Aubrac,"6,2","22,8","71,1",100
200071496,CC du Bocage Bourbonnais,"6,2","20,5","73,3",100
243700820,CC de Bléré Val de Cher,"6,2",15,"78,8",100
244100798,CC du Grand Chambord,"6,2",15,"78,8",100
244200895,CC du Pilat Rhodanien,"6,2","19,2","74,6",100
246900575,CC de l'Est Lyonnais (CCEL),"6,2",17,"76,8",100
200042182,CC du Mont des Avaloirs,"6,1","18,1","75,8",100
200066868,CC Presqu'île de Crozon-Aulne maritime,"6,1",16,"77,8",100
200070548,CC Brionnais Sud Bourgogne,"6,1","18,2","75,7",100
200071595,"CC Arbois, Poligny, Salins, Cœur du Jura","6,1","24,2","69,6",100
242900561,CC de Haute Cornouaille,"6,1","13,2","80,7",100
243301223,CC du Grand Cubzaguais,"6,1","26,1","67,8",100
245501259,CC du Pays de Montmédy,"6,1","21,6","72,3",100
247200629,CC du Val de Sarthe,"6,1","13,6","80,3",100
200043628,CC des Vallées du Clain,6,"15,9","78,1",100
200066116,CC Argonne-Meuse,6,"16,3","77,6",100
200066652,CC Grand Sud Tarn et Garonne,6,"21,4","72,6",100
200067544,CC Creuse Confluence,6,"17,1","76,9",100
200069151,CC Gorges Causses Cévennes,6,"26,3","67,7",100
200069656,CC Cœur Haute Lande,6,"22,6","71,4",100
200070852,CC Usses et Rhône,6,"18,7","75,3",100
200071033,CC Jabron-Lure-Vançon-Durance,6,"22,4","71,6",100
200073112,CC Sud Sarthe,6,17,77,100
242900702,CC du Pays Bigouden Sud,6,"14,3","79,7",100
244200622,CC des Monts du Pilat,6,"19,9",74,100
247000821,CC Rahin et Chérimont,6,15,"79,1",100
247200421,CC du Sud Est Manceau,6,"13,9","80,1",100
200041507,CA La Riviera du Levant,"5,9","26,3","67,8",100
200044048,CC Osartis Marquion,"5,9","15,2","78,9",100
200066884,CC Quercy Vert-Aveyron,"5,9","20,2",74,100
200067924,CC du Canton d'Erstein,"5,9","22,2","71,9",100
240200634,CC des Portes de la Thiérache,"5,9",23,"71,1",100
242504447,CC du Doubs Baumois,"5,9","19,4","74,7",100
242900629,CC Cap Sizun-Pointe du Raz,"5,9","9,1",85,100
244000865,CC Maremne Adour Côte Sud,"5,9","26,2","67,9",100
245300355,CC de l'Ernée,"5,9","20,6","73,5",100
200034957,CC du Frontonnais,"5,8","21,7","72,5",100
200041366,CC Rhône Crussol,"5,8",22,"72,2",100
200041879,CC Terres de Saône,"5,8",19,"75,3",100
200066405,CC Roumois Seine,"5,8","14,4","79,8",100
200066660,CC Saint-Flour Communauté,"5,8","20,5","73,7",100
200070043,CC Vienne et Gartempe,"5,8","18,1","76,1",100
200070332,CC des Savoir-Faire,"5,8","13,7","80,5",100
200073237,CC de Gâtine et Choisilles-Pays de Racan,"5,8","14,5","79,7",100
241927243,CC du Pays d'Uzerche,"5,8","16,5","77,7",100
243500618,CC Brocéliande Communauté,"5,8","17,5","76,7",100
243801024,CC du Massif du Vercors,"5,8","23,3","70,9",100
245600440,CC de Blavet Bellevue Océan,"5,8","14,1","80,2",100
248200057,CC du Quercy Caussadais,"5,8","28,1","66,1",100
200005957,CC de la Région de Rambervillers,"5,7","25,5","68,8",100
200030674,CA Val de Garonne Agglomération,"5,7","28,7","65,6",100
200036499,CC de Marana-Golo,"5,7","30,1","64,2",100
200067072,CC Haut-Léon Communauté,"5,7","18,2",76,100
200069755,CC Mellois en Poitou,"5,7","18,7","75,6",100
242101509,CC Rives de Saône,"5,7","15,6","78,7",100
243000270,CC du Pays Viganais,"5,7","28,3","66,1",100
243200508,CC Bastides et Vallons du Gers,"5,7","19,4","74,9",100
243301215,CC du Créonnais,"5,7",20,"74,2",100
243900610,CC La Grandvallière,"5,7","19,5","74,8",100
244400503,CC d'Erdre et Gesvres,"5,7","14,5","79,8",100
246201016,CC du Pays de Lumbres,"5,7","18,3",76,100
247100639,CC de Marcigny,"5,7","20,4","73,9",100
247600604,CC de Londinières,"5,7","19,5","74,8",100
248719288,CC du Val de Vienne,"5,7","13,3",81,100
200030435,CC d'Aire-sur-l'Adour,"5,6","25,6","68,7",100
200041465,CC Val Eyrieux,"5,6","18,5","75,9",100
200068443,CC Andaine-Passais,"5,6","22,9","71,5",100
200068542,CC Les Balcons du Dauphiné,"5,6","17,5","76,9",100
200068773,CC des Vosges côté Sud Ouest,"5,6","15,6","78,8",100
200072056,CC Porte du Jura,"5,6","20,2","74,1",100
200072684,CC Le Gesnois Bilurien,"5,6","16,2","78,2",100
200073260,CC Sud Vendée Littoral,"5,6","18,6","75,8",100
240300566,CC du Val de Cher,"5,6","11,9","82,5",100
240400440,CC Pays Forcalquier et Montagne de Lure,"5,6",31,"63,3",100
243000569,"CC Rhony, Vistre, Vidourle","5,6","23,8","70,6",100
243600343,CC Cœur de Brenne,"5,6","15,5","78,9",100
248300394,CA Sud Sainte Baume,"5,6","29,2","65,2",100
200068229,CC des Baronnies en Drôme Provençale,"5,5","31,3","63,2",100
200073427,CC Marches du Velay-Rochebaron,"5,5","19,2","75,3",100
244000873,CC des Grands Lacs,"5,5","24,3","70,2",100
246600282,CC Sud-Roussillon,"5,5","26,6",68,100
246900740,CC du Pays Mornantais (COPAMO),"5,5","19,1","75,3",100
247000623,CC des Quatre Rivières,"5,5","20,3","74,2",100
200011781,CC Portes du Berry entre Loire et Val d'Aubois,"5,4","15,6",79,100
200018521,CC du Val de Bouzanne,"5,4",13,"81,6",100
200038990,CC de Saint-Méen Montauban,"5,4","21,5","73,1",100
200067189,CC Creuse Sud Ouest,"5,4","15,7",79,100
200070449,CC Inter-Caux-Vexin,"5,4","13,1","81,5",100
240200501,CC du Val de l'Aisne,"5,4","17,7","76,9",100
241501089,CC Cère et Goul en Carladès,"5,4","17,7",77,100
241700624,CC de l'Île d'Oléron,"5,4",24,"70,5",100
242600534,CC du Diois,"5,4","29,9","64,7",100
242900751,CC du Pays de Landivisiau,"5,4","18,6",76,100
244100780,CC de la Sologne des Étangs,"5,4","18,7","75,9",100
246000707,CC du Vexin-Thelle,"5,4","14,2","80,4",100
200041333,CC de Parthenay-Gâtine,"5,3","23,8","70,9",100
200043776,CC Pyrénées Audoises,"5,3","25,1","69,6",100
200070233,CA Terres de Montaigu,"5,3","18,8","75,9",100
200070787,CC du Plateau de Lannemezan,"5,3","20,1","74,7",100
240200584,CC du Canton de Charly-sur-Marne,"5,3","19,4","75,3",100
240300558,CC du Pays de Tronçais,"5,3","18,3","76,4",100
242504116,CC du Val de Morteau,"5,3","29,7",65,100
242900793,CC Communauté Lesneven Côte des Légendes,"5,3","15,7",79,100
243200391,CC de la Lomagne Gersoise,"5,3","24,6","70,1",100
243200425,CC Cœur d'Astarac en Gascogne,"5,3","28,2","66,5",100
243801255,CC des Collines du Nord Dauphiné,"5,3","16,2","78,4",100
246600415,CC Roussillon-Conflent,"5,3","25,7",69,100
200007052,CC de la Marche Berrichonne,"5,2","13,3","81,5",100
200023075,CC du Pays de Maîche,"5,2","20,9","73,9",100
200032514,CC Berry-Loire-Vauvise,"5,2",14,"80,8",100
200066017,CC Lieuvin Pays d'Auge,"5,2","18,2","76,6",100
200067130,CC de Puisaye-Forterre,"5,2","16,1","78,7",100
200067460,CC Loudéac Communauté-Bretagne Centre,"5,2","20,4","74,4",100
200068880,CC Champagne Boischauts,"5,2","14,3","80,5",100
200069235,CC du Haut Pays du Montreuillois,"5,2","22,9",72,100
200071926,CC du Limouxin,"5,2","28,2","66,6",100
200072643,CC Cœur et Coteaux du Comminges,"5,2","26,4","68,4",100
200072700,CC Haute Sarthe Alpes Mancelles,"5,2","18,6","76,2",100
248719361,CC de Noblat,"5,2","17,4","77,4",100
200023307,CA du Grand Villeneuvois,"5,1","30,1","64,8",100
200023794,CC de Blaye,"5,1","27,8","67,1",100
200040475,CC Loué-Brûlon-Noyen,"5,1","20,4","74,5",100
200049211,CC Conflent-Canigó,"5,1","28,1","66,8",100
200066645,CC Vézère-Monédières-Millesources,"5,1","13,5","81,4",100
200090579,CC Terre d'Émeraude Communauté,"5,1","19,6","75,3",100
241501055,CC Sumène-Artense,"5,1","17,9",77,100
242020071,CC du Centre Corse,"5,1","55,8","39,1",100
242700607,CC du Pays du Neubourg,"5,1","18,4","76,5",100
243000296,CC du Pays de Sommières,"5,1","26,4","68,4",100
243600202,CC Chabris-Pays de Bazelle,"5,1",19,"75,9",100
246600423,CC Agly Fenouillèdes,"5,1","21,2","73,7",100
246800551,CC de la Vallée de Kaysersberg,"5,1","23,1","71,8",100
247400617,CC des Vallées de Thônes,"5,1","28,3","66,6",100
200034023,CC Tarn-Agout,5,"26,8","68,2",100
200034098,CC des Montagnes du Giffre,5,"23,4","71,5",100
200034379,CC Pays d'Uzès,5,"26,6","68,4",100
200035137,CC Marche Occitane-Val d'Anglin,5,"14,6","80,4",100
200041416,CC Airvaudais-Val du Thouet,5,"18,1","76,9",100
200044394,CC du Réolais en Sud Gironde,5,"28,3","66,7",100
200066124,CA Gaillac-Graulhet,5,"23,9","71,1",100
200066819,CC du Volvestre,5,"23,1","71,9",100
200069763,CC du Haut-Poitou,5,"16,7","78,3",100
200069995,CC Médoc Cœur de Presqu'île,5,"27,3","67,7",100
200071173,CC du Pays Arnay Liernais,5,"14,5","80,5",100
200071645,CC Saint Cyr Mère Boitier entre Charolais et Mâconnais,5,"17,3","77,7",100
200096683,CC Centre Morbihan Communauté,5,"18,3","76,8",100
243500741,CA Redon Agglomération,5,"20,9","74,1",100
244400586,CC du Sud Estuaire,5,"21,2","73,8",100
247400047,CC de la Vallée Verte,5,"18,5","76,5",100
248300550,CC Cœur du Var,5,"27,9","67,1",100
200029734,CC des 4B Sud Charente,"4,9","22,4","72,7",100
200035863,"CC Région Lézignanaise, Corbières et Minervois","4,9","25,1","70,1",100
200039931,CC Alpes d'Azur,"4,9","24,8","70,3",100
200043982,CC du Bazadais,"4,9","27,7","67,4",100
200067239,CC des Luys en Béarn,"4,9","14,8","80,3",100
200067361,CC Grand-Figeac,"4,9","22,8","72,3",100
200068112,CC du Pays de Saverne,"4,9","24,8","70,2",100
243300811,CC de l'Estuaire,"4,9","27,4","67,6",100
245300389,CC du Bocage Mayennais,"4,9","19,1",76,100
247400682,CC du Haut-Chablais,"4,9",22,"73,1",100
200043990,CC Vallons de Haute-Bretagne Communauté,"4,8","17,6","77,5",100
242200715,CC du Kreiz-Breizh (CCKB),"4,8","17,8","77,4",100
244500419,CC des Quatre Vallées,"4,8","14,5","80,7",100
200034726,CC Bastides de Lomagne,"4,7","20,5","74,8",100
200068104,CA de la Provence Verte,"4,7","25,3",70,100
200068807,CC du Bassin Auterivain Haut-Garonnais,"4,7",22,"73,3",100
200071181,CC Somme Sud-Ouest,"4,7","19,6","75,8",100
241500255,CC du Pays Gentiane,"4,7","17,7","77,6",100
242900074,CC du Pays d'Iroise,"4,7","12,5","82,8",100
242900660,CC du Pays Fouesnantais,"4,7","17,1","78,2",100
243400488,CC La Domitienne,"4,7",24,"71,3",100
243900560,CC Jura Nord,"4,7","19,6","75,7",100
244301107,CC du Haut-Lignon,"4,7","19,3","76,1",100
246800494,"CC du Pays de Rouffach, Vignobles et Châteaux","4,7","22,3",73,100
247000854,CC des 1000 étangs,"4,7","16,7","78,5",100
248900896,CC Yonne Nord,"4,7","14,6","80,7",100
200067320,CC Serre-Ponçon Val d'Avance,"4,6","24,5","70,8",100
200067650,CC Houve-Pays Boulageois,"4,6","18,5",77,100
200067791,CA Pays Foix-Varilhes,"4,6","29,1","66,3",100
200068815,CC Cœur de Garonne,"4,6","22,4",73,100
200070035,CC du Civraisien en Poitou,"4,6","16,7","78,7",100
200070969,CC Avre Luce Noye,"4,6","20,4",75,100
200071389,CC Saint-Pourçain Sioule Limagne,"4,6","22,5","72,9",100
242900553,CC du Pays des Abers,"4,6","13,9","81,5",100
243301439,CC des Portes de l'Entre-deux-Mers,"4,6",19,"76,4",100
243400470,CA du Pays de l'Or,"4,6","34,2","61,2",100
246600548,CC du Haut Vallespir,"4,6","33,9","61,5",100
248500530,CC du Pays des Achards,"4,6",17,"78,5",100
248500563,"CC Vendée, Sèvre, Autise","4,6","17,1","78,3",100
249500430,CC Sausseron Impressionnistes,"4,6","14,9","80,6",100
200027308,CC d'Auberive Vingeanne et Montsaugeonnais,"4,5","16,5",79,100
200042646,CC Grand Orb communauté de communes en Languedoc,"4,5","31,9","63,6",100
200066108,CC des Portes de Meuse,"4,5","15,7","79,8",100
200067452,CC du Guillestrois et du Queyras,"4,5","26,8","68,7",100
200067635,CA Clisson Sèvre et Maine Agglo,"4,5","17,6","77,9",100
200071629,CC Challans-Gois Communauté,"4,5","24,7","70,8",100
200072874,CC Val Briard,"4,5","17,3","78,3",100
240900464,CC du Pays d'Olmes,"4,5","25,2","70,3",100
244701355,CC des Coteaux et Landes de Gascogne,"4,5","25,4","70,1",100
248700189,CC du Pays de Saint-Yrieix,"4,5","19,3","76,2",100
200030658,CC du Trièves,"4,4","20,1","75,5",100
200035707,CC Piège Lauragais Malepère,"4,4",27,"68,6",100
200039808,CC des Gorges de l'Ardèche,"4,4","24,4","71,2",100
200040681,CC Enclave des Papes-Pays de Grignan,"4,4","29,6",66,100
200040772,CC du Perche et Haut Vendômois,"4,4","12,9","82,7",100
200041051,CC Vallée de la Dordogne et Forêt Bessède,"4,4","21,6","74,1",100
200049484,CC Berry Grand Sud,"4,4","14,1","81,4",100
200069516,CC Seulles Terre et Mer,"4,4","13,2","82,4",100
200070662,CC Bretagne porte de Loire Communauté,"4,4","19,6","75,9",100
200072049,CC de Charente Limousine,"4,4","17,5","78,1",100
200072098,CC Combrailles Sioule et Morge,"4,4","13,5","82,1",100
241200906,CC Larzac et Vallées,"4,4","23,8","71,8",100
241300375,CC Vallée des Baux-Alpilles (CC VBA),"4,4","30,8","64,7",100
246000855,CC du Pays des Sources,"4,4","16,3","79,3",100
200027076,CC Arnon Boischaut Cher,"4,3","15,4","80,3",100
200034205,CC de la Costa Verde,"4,3","31,3","64,3",100
200040426,CC du Val de l'Oise,"4,3","18,9","76,7",100
200066777,CC Ploërmel Communauté,"4,3","18,6",77,100
243100815,CC des Coteaux Bellevue,"4,3","19,5","76,2",100
243500634,CC Roche aux Fées Communauté,"4,3",22,"73,7",100
244400438,CC Grand Lieu Communauté,"4,3","15,9","79,8",100
247104094,CC Sud Côte Chalonnaise,"4,3","17,4","78,3",100
248400335,CC Vaison Ventoux,"4,3","30,3","65,4",100
200035632,CC Armagnac Adour,"4,2","19,2","76,6",100
200039832,CC Pays des Vans en Cévennes,"4,2","25,1","70,8",100
200042703,CC de l'Argonne Champenoise,"4,2","23,5","72,3",100
200066041,CC Sundgau,"4,2","19,5","76,2",100
200066637,CC Hautes Terres Communauté,"4,2","20,6","75,2",100
200066785,CC de l'Oust à Brocéliande,"4,2","18,9","76,9",100
200068963,CC Maine Cœur de Sarthe,"4,2","13,1","82,6",100
200069391,CA Lamballe Terre et Mer,"4,2","19,9","75,9",100
200071298,CC des Terres du Lauragais,"4,2",21,"74,8",100
240600593,CC du Pays des Paillons,"4,2","21,5","74,2",100
241700640,CA Royan Atlantique,"4,2","23,5","72,2",100
244000543,CC de Mimizan,"4,2","25,6","70,3",100
244400537,CC de Nozay,"4,2","19,4","76,4",100
245200597,CC des Trois Forêts,"4,2","17,3","78,5",100
246500573,CC Aure Louron,"4,2","29,2","66,7",100
200022986,CC du Grand Pic Saint-Loup,"4,1","21,2","74,7",100
200039824,CC Ardèche des Sources et Volcans,"4,1","20,3","75,6",100
200066330,CC Terres du Haut Berry,"4,1","15,1","80,7",100
200067080,CC Chablis Villages et Terroirs,"4,1","19,2","76,7",100
200070910,CC Tille et Venelle,"4,1","16,3","79,6",100
200070936,CC Ponthieu-Marquenterre,"4,1",21,"74,9",100
242504488,CC Altitude 800,"4,1","21,3","74,5",100
243200409,CC du Bas Armagnac,"4,1","22,7","73,2",100
243301447,CC Médoc Estuaire,"4,1","17,1","78,7",100
243400694,CC Vallée de l'Hérault,"4,1","24,4","71,6",100
243400736,CC des Cévennes Gangeoises et Suménoises,"4,1","34,4","61,5",100
200030526,CC du Ried de Marckolsheim,4,"20,3","75,7",100
200033827,CC de Fium'orbu Castellu,4,"34,4","61,6",100
200067262,CC du Haut-Béarn,4,"22,9","73,1",100
200067593,CC Marche et Combraille en Aquitaine,4,"16,3","79,7",100
200069581,CC Convergence Garonne,4,26,70,100
200072825,CC Mirebellois et Fontenois,4,"12,1",84,100
200073146,CC Cagire Garonne Salat,4,"20,3","75,7",100
242600492,CC Dieulefit-Bourdeaux,4,"26,8","69,2",100
243100567,CC Lauragais Revel Sorezois,4,"30,6","65,3",100
246701098,CC du Pays de Niederbronn-les-Bains,4,"17,7","78,3",100
248500191,CC de l'Île de Noirmoutier,4,"19,2","76,8",100
249100074,CC du Pays de Limours (CCPL),4,"16,4","79,6",100
200023778,CA du Pays de Saint-Gilles-Croix-de-Vie,"3,9","21,4","74,6",100
200067882,CC Bazois Loire Morvan,"3,9","18,5","77,7",100
200068864,CC de la Mossig et du Vignoble,"3,9","21,3","74,8",100
200069177,CC Mond'Arverne Communauté,"3,9","13,2","82,9",100
200069615,CC Bresse Haute Seille,"3,9","17,6","78,5",100
243200458,CC du Grand Armagnac,"3,9","23,5","72,6",100
243301454,CC Castillon/Pujols,"3,9","27,2","68,9",100
244200630,CC du Pays entre Loire et Rhône,"3,9","19,4","76,7",100
245901038,CC du Pays Solesmois,"3,9","21,1","74,9",100
247000714,CC du Pays de Villersexel,"3,9",18,"78,1",100
200066371,CC Causses et Vallée de la Dordogne,"3,8","22,6","73,5",100
200066751,CC Xaintrie Val'Dordogne,"3,8","17,5","78,6",100
200073393,CC des Rives du Haut-Allier,"3,8","17,8","78,4",100
242504181,CC des Portes du Haut-Doubs,"3,8","26,3","69,9",100
243900420,CC du Val d'Amour,"3,8",22,"74,2",100
246700306,CC de la Vallée de la Bruche,"3,8","19,8","76,4",100
248500258,CC Océan Marais de Monts,"3,8","22,5","73,8",100
200040251,CC Bassée-Montois,"3,7","15,1","81,2",100
200068625,CC Alpes-Provence-Verdon-Sources de Lumière,"3,7","26,3",70,100
200069144,CC des Hautes Terres de l'Aubrac,"3,7","18,9","77,4",100
200069383,CC Ouest Aveyron Communauté,"3,7","23,6","72,7",100
200071207,CC de Pouilly-en-Auxois/Bligny-sur-Ouche,"3,7","19,9","76,4",100
240300657,CC du Pays d'Huriel,"3,7","13,5","82,8",100
244000857,CC Côte Landes Nature,"3,7","23,4","72,9",100
244200820,CC du Pays d'Urfé,"3,7","15,4",81,100
247000698,CC des Monts de Gy,"3,7","19,8","76,5",100
247800618,CC Cœur d'Yvelines,"3,7","14,6","81,7",100
248200016,CC des Deux Rives,"3,7","27,8","68,5",100
249100553,CC Entre Juine et Renarde (CCEJR),"3,7","17,3",79,100
200034130,CC Gally Mauldre,"3,6","12,6","83,8",100
200034833,CC des Bastides Dordogne-Périgord,"3,6","20,1","76,3",100
200041283,CC de la Plaine du Rhin,"3,6","24,6","71,8",100
200042414,CC Bresse Revermont 71,"3,6","16,6","79,8",100
200068070,CC Loue-Lison,"3,6","19,9","76,5",100
200068914,CC La Rochefoucauld porte du Périgord,"3,6",19,"77,4",100
200069268,CC Aubrac Lot Causses Tarn,"3,6","22,8","73,6",100
200071546,CC Sud Retz Atlantique,"3,6","19,4",77,100
200073120,CC Nebbiu-Conca d'Oro,"3,6","24,1","72,3",100
242320000,CC de Bénévent Grand Bourg,"3,6","12,4",84,100
244000766,CC du Pays Tarusate,"3,6","21,3","75,1",100
246300966,CC du Massif du Sancy,"3,6","23,8","72,6",100
200034270,CC du Pays de Barr,"3,5","26,2","70,3",100
200035533,CC du Grand Saint-Émilionnais,"3,5",26,"70,5",100
200066850,CC des Paysages de la Champagne,"3,5","20,1","76,4",100
200067288,CC du Béarn des Gaves,"3,5","21,5",75,100
200067346,CA Pornic Agglo Pays de Retz,"3,5","20,8","75,7",100
200068294,CC des Deux Vallées Vertes,"3,5","19,4","77,1",100
200070290,CC Coeur du Pays Haut,"3,5","19,7","76,9",100
200071819,CC du Périgord Nontronnais,"3,5","19,8","76,7",100
200073104,CC de l'Île-Rousse-Balagne,"3,5","33,9","62,6",100
240700302,CC du Pays Beaume-Drobie,"3,5","23,9","72,6",100
240700716,CC du Val d'Ay,"3,5","16,3","80,2",100
242400752,CC Périgord-Limousin,"3,5","19,5","76,9",100
243200599,CC du Saves,"3,5","18,4",78,100
244300307,CC du Pays de Montfaucon,"3,5","19,1","77,4",100
248719353,CC des Portes de Vassivière,"3,5","19,5",77,100
200040400,CC du Périgord Ribéracois,"3,4","20,8","75,8",100
200041440,CC de Domme-Villefranche du Périgord,"3,4","16,5","80,1",100
200066678,CC de la Châtaigneraie Cantalienne,"3,4","15,7","80,9",100
200067197,CC Monts d'Arrée Communauté,"3,4","15,7","80,9",100
200067890,CC Morvan Sommets et Grands Lacs,"3,4","16,6",80,100
200068930,CC Fumel Vallée du Lot,"3,4","23,2","73,4",100
200069128,CC Mont Lozère,"3,4",24,"72,5",100
240200519,CC du Canton d'Oulchy-le-Château,"3,4","17,1","79,5",100
240200592,CC du Chemin des Dames,"3,4","19,1","77,5",100
240300491,CC du Pays de Lapalisse,"3,4","24,2","72,4",100
242320109,CC du Pays Dunois,"3,4","11,5","85,1",100
243000684,CC du Pont du Gard,"3,4","27,1","69,5",100
243200607,CC Artagnan de Fezensac,"3,4","20,8","75,7",100
244500542,CC de la Plaine du Nord Loiret,"3,4",12,"84,6",100
245804497,CC du Nivernais Bourbonnais,"3,4","18,8","77,8",100
246100390,CC du Val d'Orne,"3,4","17,5","79,1",100
246301097,CC Entre Dore et Allier,"3,4","17,1","79,5",100
247300668,CC du Lac d'Aiguebelette (CCLA),"3,4","15,8","80,8",100
248400160,CC Aygues-Ouvèze en Provence (CCAOP),"3,4",27,"69,6",100
248719262,CC Gartempe Saint-Pardoux,"3,4",14,"82,6",100
200000438,CC du Pays de Pontchâteau Saint-Gildas-des-Bois,"3,3","16,9","79,8",100
200040384,CC Isle Double Landais,"3,3","27,3","69,3",100
200041168,CC de la Vallée de l'Homme,"3,3","22,6","74,2",100
200041556,CC Portes de la Creuse en Marche,"3,3","11,9","84,8",100
200042372,CC des Coteaux Arrats Gimone,"3,3",21,"75,7",100
200070779,CC Brie des Rivières et Châteaux,"3,3","14,7","81,9",100
241200674,CC du Plateau de Montbazens,"3,3","17,6","79,1",100
241700699,CC du Bassin de Marennes,"3,3","23,9","72,8",100
244200614,CC des Vals d'Aix et Isable,"3,3","20,1","76,6",100
244600433,CC de la Vallée du Lot et du Vignoble,"3,3","18,7","78,1",100
245614383,CC Questembert Communauté,"3,3","19,8","76,9",100
248900748,CC du Gâtinais en Bourgogne,"3,3","12,7",84,100
200034411,CC du Piémont Cévenol,"3,2",27,"69,9",100
200039709,CC du Serein,"3,2","18,9","77,9",100
200039907,CC du Sud Messin,"3,2","15,6","81,1",100
200068146,CC Sarrebourg Moselle Sud,"3,2","26,4","70,4",100
200069094,CC Isle et Crempse en Périgord,"3,2","21,9","74,9",100
200071900,CC Vendée Grand Littoral,"3,2","17,3","79,5",100
241200807,CC Aveyron Bas Ségala Viaur,"3,2","16,2","80,6",100
241800424,CC Le Dunois,"3,2","20,4","76,4",100
243100732,CC des Coteaux du Girou,"3,2","14,9","81,9",100
244600573,CC du Causse de Labastide-Murat,"3,2","14,7","82,1",100
246800676,CC de la Vallée de la Doller et du Soultzbach,"3,2","20,5","76,4",100
200027027,CC Arc Sud Bretagne,"3,1",21,"75,9",100
200069086,CC Leff Armor Communauté,"3,1","19,5","77,4",100
200069540,CC Norge et Tille,"3,1","10,2","86,7",100
200069649,CC Chalosse Tursan,"3,1","20,8","76,2",100
200070720,CC Médoc Atlantique,"3,1","23,1","73,8",100
200071538,CC Terres de Bresse,"3,1","15,3","81,6",100
200015162,CC de l'Oriente,3,"34,9","62,1",100
200035756,CC Astarac Arros en Gascogne,3,13,"84,1",100
200041325,CC du Pays Rhénan,3,"17,7","79,3",100
200066561,CC Sidobre Vals et Plateaux,3,"16,5","80,4",100
200068831,CC Pays Ségali Communauté,3,"15,2","81,8",100
200072718,CC de la Champagne Conlinoise et du Pays de Sillé,3,"20,1","76,9",100
244600482,CC Quercy-Bouriane,3,"22,6","74,3",100
245614417,CC Roi Morvan Communauté,3,"14,5","82,6",100
247400666,CC des Quatre Rivières,3,"17,1","79,9",100
200035723,CC Ventoux Sud,"2,9","29,8","67,3",100
200035970,CC Vexin Centre,"2,9","18,7","78,4",100
200040830,CC du Pays de Fénelon,"2,9","18,6","78,6",100
200067627,CC Billom Communauté,"2,9","16,5","80,6",100
200068484,CC des Causses à l'Aubrac,"2,9","20,8","76,3",100
200069417,CC Pays d'Orthe et Arrigans,"2,9","21,4","75,7",100
200069482,CC des Campagnes de l'Artois,"2,9","17,3","79,8",100
200069599,CC Rurales de l'Entre-deux-Mers,"2,9","24,2","72,9",100
200070761,CC Ambert Livradois Forez,"2,9","16,8","80,3",100
200071199,CC Plaine Limagne,"2,9","14,3","82,8",100
244700464,CC du Pays de Lauzun,"2,9","22,9","74,2",100
245700695,CC de Cattenom et Environs,"2,9","21,2","75,9",100
246700744,CC des Portes de Rosheim,"2,9","23,3","73,8",100
200036150,CC des Hauts du Val de Saône,"2,8","18,6","78,6",100
200040038,CC Saône Doubs Bresse,"2,8","12,6","84,6",100
200040210,CC Lacs et Gorges du Verdon,"2,8","24,4","72,7",100
200067478,CC Comtal Lot et Truyère,"2,8",19,"78,2",100
200070571,CC Cœur de Berry,"2,8","10,7","86,5",100
200070738,CC Mad et Moselle,"2,8","19,1","78,1",100
200071215,CC Chavanon Combrailles et Volcans,"2,8","16,5","80,7",100
241200625,CC du Pays Rignacois,"2,8",19,"78,2",100
241501139,CC du Pays de Salers,"2,8",16,"81,1",100
247600505,CC Campagne-de-Caux,"2,8","17,8","79,5",100
200040814,CC Briance Sud Haute Vienne,"2,7","15,4","81,9",100
200040889,CC de Portes Sud Périgord,"2,7","19,1","78,2",100
200041614,CC Aunis Sud,"2,7","20,2",77,100
200043693,CC Terre Lorraine du Longuyonnais,"2,7","21,6","75,7",100
200069433,CC de Vezouze en Piémont,"2,7",22,"75,4",100
200071058,CC Les Avant-Monts,"2,7","20,8","76,6",100
200073401,CC Mézenc-Loire-Meygal,"2,7","19,2","78,2",100
242400935,CC du Pays de Saint-Aulaye,"2,7","25,8","71,6",100
248719338,CC Briance-Combade,"2,7","14,9","82,4",100
200068096,CC Champsaur-Valgaudemar,"2,6","21,9","75,5",100
243301389,CC Médullienne,"2,6","20,1","77,2",100
245700950,CC du Pays de Phalsbourg,"2,6",22,"75,3",100
248900524,CC de l'Aillantais en Bourgogne,"2,6","14,5","82,9",100
200040418,CC du Pays de Serres en Quercy,"2,5","19,2","78,4",100
200067171,"CC Aubrac, Carladez et Viadène","2,5","18,3","79,2",100
200067296,CC du Nord Est Béarn,"2,5","15,5",82,100
241200765,CC de Lévézou Pareloup,"2,5","13,9","83,6",100
244000824,CC du Pays Grenadois,"2,5","19,7","77,8",100
247103864,CC de Semur-en-Brionnais,"2,5","12,6","84,9",100
248100745,CC Thoré Montagne Noire,"2,5","15,3","82,2",100
200004802,CC du Pays de Fayence,"2,4",22,"75,6",100
200041622,CC Ardennes Thiérache,"2,4","22,6",75,100
200041689,CC Vals de Saintonge Communauté,"2,4","22,6",75,100
200066132,CC du Pays de Stenay et du Val Dunois,"2,4","25,8","71,7",100
200066520,CC Ouest Limousin,"2,4","12,6",85,100
200066553,CC des Monts de Lacaune et de la Montagne du Haut Languedoc,"2,4","20,9","76,7",100
200069136,CC des Cévennes au Mont Lozère,"2,4","24,8","72,8",100
241200658,CC du Pays de Salars,"2,4","14,1","83,5",100
243301181,CC Latitude Nord Gironde,"2,4","23,4","74,2",100
247800550,CC du Pays Houdanais (C.C.P.H.),"2,4","16,4","81,2",100
200034064,CC du Cordais et du Causse (4 C),"2,3","19,5","78,2",100
200041499,CC Aunis Atlantique,"2,3","19,1","78,6",100
200043016,CC Val de Charente,"2,3","23,1","74,5",100
200066348,CC du Minervois au Caroux,"2,3","25,1","72,5",100
200066769,CC Midi Corrézien,"2,3","17,3","80,4",100
200067940,CC Couserans-Pyrénées,"2,3","25,5","72,3",100
200072007,CC de la Montagne d'Ardèche,"2,3","16,7","80,9",100
200072106,CC Adour Madiran,"2,3","19,5","78,1",100
240800862,CC des Crêtes Préardennaises,"2,3","19,5","78,2",100
247000367,CC des Combes,"2,3","19,6","78,2",100
200042653,CC Sud-Hérault,"2,2","23,8",74,100
200042992,CC Perthois-Bocage et Der,"2,2","14,5","83,3",100
200070282,CC Lavalette Tude Dronne,"2,2","22,2","75,6",100
246700777,CC de la Vallée de Villé,"2,2","17,3","80,5",100
248400285,CC Territoriale Sud-Luberon,"2,2",27,"70,8",100
200033090,CC Plaines et Monts de France,"2,1","15,8","82,1",100
200034635,CC du Kochersberg,"2,1",18,"79,9",100
200067163,"CC Monts, Rance et Rougier","2,1","20,9",77,100
245400510,CC du Pays de Colombey et du Sud Toulois,"2,1","16,5","81,4",100
245701206,CC du Saulnois,"2,1","22,6","75,3",100
245801063,CC Loire et Allier,"2,1","13,6","84,3",100
246401756,CC Pays de Nay,"2,1","19,1","78,8",100
200035772,CC du Pays du Saintois,2,19,79,100
200040178,CC de l'Outre-Forêt,2,"21,5","76,5",100
200041523,CC de la Haute Saintonge,2,26,72,100
200041853,CC du Pays de Montbozon et du Chanois,2,"18,7","79,3",100
200066173,CC de Damvillers Spincourt,2,"18,5","79,4",100
200072635,CC Pyrénées Haut Garonnaises,2,27,71,100
200096675,CC Baud Communauté,2,"17,5","80,5",100
241200641,CC Conques-Marcillac,2,"16,5","81,5",100
242000495,CC de l'Alta Rocca,2,32,"66,1",100
242504355,CC du Plateau de Russey,2,"18,7","79,3",100
244701405,CC Lot et Tolzac,2,"22,9","75,1",100
246700843,CC de la Basse-Zorn,2,"18,6","79,3",100
246700959,CC du Pays de la Zorn,2,"18,8","79,2",100
248100158,CC du Sor et de l'Agout,2,"21,7","76,3",100
200034049,CC Centre Tarn,"1,9","23,7","74,5",100
200041572,CC Dronne et Belle,"1,9","19,6","78,5",100
200066033,CC Sud Alsace Largue,"1,9","19,4","78,7",100
200068948,CC Albret Communauté,"1,9","25,3","72,8",100
200069748,CC Val de Gâtine,"1,9",18,"80,1",100
242401024,CC Isle-Loue-Auvézère en Périgord,"1,9","21,2","76,9",100
248900664,CC de la Vanne et du Pays d'Othe,"1,9","15,3","82,8",100
200034601,CC Causses Aigoual Cévennes,"1,8","28,7","69,5",100
200039519,CC du Quercy Blanc,"1,8","20,3","77,9",100
200041887,CC du Val Marnaysien,"1,8","21,3","76,9",100
200043438,CC de la Moivre à la Coole,"1,8","12,1","86,1",100
200066140,CC de l'Aire à l'Argonne,"1,8","14,4","83,8",100
200067122,CC Coteaux et Plaines du Pays Lafrançaisain,"1,8","17,6","80,6",100
200071025,CC Haute-Provence-Pays de Banon,"1,8","28,8","69,4",100
200072023,CC Cœur de Charente,"1,8","19,1","79,1",100
200072320,CC Val de Gers,"1,8","19,2",79,100
200073138,CC Pasquale Paoli,"1,8","29,2",69,100
243901089,CC de la Plaine Jurassienne,"1,8",17,"81,2",100
246400337,CC de la Vallée d'Ossau,"1,8","21,2",77,100
248200065,CC de la Lomagne Tarn-et-Garonnaise,"1,8",24,"74,2",100
200013050,CC Sauer-Pechelbronn,"1,7","14,7","83,7",100
200034197,CC de Montaigne Montravel et Gurson,"1,7",19,"79,3",100
200044469,CC du Pays de Mirepoix,"1,7","28,4",70,100
200067783,CC de Hanau-La Petite Pierre,"1,7","17,3",81,100
200069102,CC Randon-Margeride,"1,7","17,6","80,7",100
200069631,CC Terres de Chalosse,"1,7","20,7","77,7",100
200070506,CC Pays de Nexon Monts de Chalus,"1,7","16,6","81,6",100
247100647,CC Bresse Nord Intercom',"1,7","14,9","83,4",100
200035541,CC des Landes d'Armagnac,"1,6","23,8","74,6",100
200039063,"CC Forêts, Seine et Suzon","1,6",13,"85,4",100
200042943,CC du Cap Corse,"1,6","23,6","74,8",100
200070795,CC du Pays de Trie et du Magnoac,"1,6",20,"78,4",100
243301397,CC du Fronsadais,"1,6","20,9","77,5",100
249100157,CC des Deux Vallées,"1,6","18,8","79,7",100
200039055,CC Ouche et Montagne,"1,5","15,1","83,4",100
248100497,CC Val 81,"1,5","20,8","77,6",100
200068922,CC du Confluent et des Coteaux de Prayssas,"1,4","25,7","72,9",100
200035327,CC Cazals-Salviac,"1,3","19,7",79,100
200040202,CC Provence Verdon,"1,3","24,3","74,4",100
200041861,CC du Triangle Vert,"1,3",19,"79,8",100
242504496,CC du Plateau de Frasne et du Val de Drugeon (CFD),"1,3","21,8","76,9",100
248200107,CC du Quercy Rouergue et des Gorges de l'Aveyron,"1,3","22,8","75,9",100
200034031,CC des Monts d'Alban et du Villefranchois,"1,2","18,2","80,6",100
200067486,CC Bouzonvillois-Trois Frontières,"1,2","19,8",79,100
200067908,CC Amognes Cœur du Nivernais,"1,2","16,4","82,4",100
200069441,CC du Pays de Bitche,"1,2","19,5","79,3",100
200070589,CC de Seille et Grand Couronné,"1,2","14,6","84,2",100
200071652,CC du Pays Fertois et du Bocage Carrougien,"1,2","17,9",81,100
244301123,CC des Pays de Cayres et de Pradelles,"1,2","18,4","80,4",100
241200542,CC du Réquistanais,"1,1","15,9",83,100
244000774,CC du Pays de Villeneuve en Armagnac Landais,"1,1","23,2","75,7",100
244600532,CC du Pays de Lalbenque-Limogne,"1,1","17,5","81,3",100
200034056,CC du Lautrécois et du Pays d'Agout,1,"21,9","77,1",100
200067841,CC de l'Alsace Bossue,1,"20,7","78,3",100
200069565,CC des Lacs et Montagnes du Haut-Doubs,1,"28,7","70,3",100
241200914,CC de la Muse et des Raspes du Tarn,1,"16,9","82,1",100
241600303,CC du Rouillacais,1,"20,1","78,9",100
242504371,CC du Pays de Sancey-Belleherbe,1,"17,6","81,4",100
200066223,CC Arize Lèze,"0,9","25,7","73,4",100
200067957,CC Haut Chemin-Pays de Pange,"0,9","14,2","84,9",100
200069169,CC Dômes Sancy Artense,"0,9","18,3","80,8",100
200070803,CC des Coteaux du Val d'Arros,"0,9","13,4","85,7",100
200036523,CC des Bastides en Haut-Agenais Périgord,"0,8","22,1","77,1",100
200067049,CC Spelunca-Liamone,"0,7","27,7","71,6",100
200067692,CC Tannay-Brinon-Corbigny,"0,7","17,2","82,1",100
244000881,CC Coteaux et Vallées des Luys,"0,7",22,"77,3",100
200038958,CC de la Pieve de l'Ornano et du Taravo,"0,5","24,5",75,100
200070829,CC Neste Barousse,"0,5","16,8","82,7",100
241700517,CC Cœur de Saintonge,"0,5",23,"76,5",100
200034874,CC Côtes de Meuse Woëvre,"0,4","19,7","79,9",100
242500320,CC de Montbenoît,"0,4","22,1","77,5",100
244700449,CC du Pays de Duras,"0,4","24,1","75,5",100
241700632,CC de Gémozac et de la Saintonge Viticole,"0,3","23,8",76,100
245501176,CC du Territoire de Fresnes-en-Woëvre,"0,3",20,"79,8",100
242000503,CC Celavu-Prunelli,"0,2","27,4","72,5",100
245400759,CC du Pays du Sanon,"0,2",19,"80,8",100
200059871,CC du Centre-Ouest*,inférieure à 5 %,nd,nd,nd
200060457,CA de Dembeni/Mamoudzou*,inférieure à 5 %,nd,nd,nd
200050532,CC de Petite-Terre*,inférieure à 5 %,nd,nd,nd
200060465,CA du Grand Nord de Mayotte*,inférieure à 5 %,nd,nd,nd
200060473,CC du Sud*,inférieure à 5 %,nd,nd,nd