Département,Année de la population maximale
Aube,Entre 2020 et 2039
Aude,Entre 2050 et 2069
Aveyron,Entre 2040 et 2049
Bouches-du-Rhône,Entre 2050 et 2069
Calvados,Entre 2020 et 2039
Cantal,2009 ou avant
Charente,Entre 2010 et 2019
Charente-Maritime,Entre 2050 et 2069
Cher,2009 ou avant
Corrèze,Entre 2010 et 2019
Côte-d'Or,Entre 2020 et 2039
Côtes-d'Armor,Entre 2040 et 2049
Creuse,2009 ou avant
Dordogne,Entre 2010 et 2019
Doubs,Entre 2020 et 2039
Drôme,Entre 2050 et 2069
Eure,Entre 2010 et 2019
Eure-et-Loir,Entre 2010 et 2019
Finistère,Entre 2040 et 2049
Gard,Entre 2040 et 2049
Haute-Garonne,2070 ou après
Gers,Entre 2040 et 2049
Gironde,2070 ou après
Hérault,2070 ou après
Ille-et-Vilaine,2070 ou après
Indre,2009 ou avant
Indre-et-Loire,Entre 2040 et 2049
Isère,Entre 2050 et 2069
Jura,Entre 2010 et 2019
Landes,Entre 2050 et 2069
Loir-et-Cher,Entre 2010 et 2019
Loire,Entre 2050 et 2069
Haute-Loire,Entre 2020 et 2039
Loire-Atlantique,2070 ou après
Loiret,Entre 2040 et 2049
Lot,Entre 2020 et 2039
Lot-et-Garonne,Entre 2010 et 2019
Lozère,Entre 2020 et 2039
Maine-et-Loire,Entre 2040 et 2049
Manche,Entre 2010 et 2019
Marne,Entre 2010 et 2019
Haute-Marne,2009 ou avant
Mayenne,Entre 2010 et 2019
Meurthe-et-Moselle,Entre 2010 et 2019
Meuse,2009 ou avant
Morbihan,Entre 2050 et 2069
Moselle,Entre 2010 et 2019
Nièvre,2009 ou avant
Nord,Entre 2020 et 2039
Oise,Entre 2020 et 2039
Orne,2009 ou avant
Pas-de-Calais,Entre 2010 et 2019
Puy-de-Dôme,Entre 2050 et 2069
Pyrénées-Atlantiques,Entre 2050 et 2069
Hautes-Pyrénées,Entre 2020 et 2039
Pyrénées-Orientales,Entre 2050 et 2069
Bas-Rhin,Entre 2040 et 2049
Haut-Rhin,Entre 2020 et 2039
Rhône,Entre 2050 et 2069
Haute-Saône,Entre 2010 et 2019
Saône-et-Loire,2009 ou avant
Sarthe,Entre 2010 et 2019
Savoie,Entre 2040 et 2049
Haute-Savoie,Entre 2050 et 2069
Paris,Entre 2010 et 2019
Seine-Maritime,Entre 2010 et 2019
Seine-et-Marne,Entre 2050 et 2069
Yvelines,Entre 2020 et 2039
Deux-Sèvres,Entre 2040 et 2049
Somme,Entre 2010 et 2019
Tarn,2070 ou après
Tarn-et-Garonne,2070 ou après
Var,Entre 2050 et 2069
Vaucluse,Entre 2040 et 2049
Vendée,Entre 2050 et 2069
Vienne,Entre 2040 et 2049
Haute-Vienne,Entre 2010 et 2019
Vosges,2009 ou avant
Yonne,2009 ou avant
Territoire de Belfort,Entre 2010 et 2019
Essonne,Entre 2040 et 2049
Hauts-de-Seine,Entre 2040 et 2049
Seine-Saint-Denis,Entre 2050 et 2069
Val-de-Marne,Entre 2040 et 2049
Val-d'Oise,Entre 2050 et 2069
Guadeloupe,Entre 2010 et 2019
Martinique,2009 ou avant
Guyane,2070 ou après
La Réunion,Entre 2040 et 2049
Mayotte,2070 ou après
Ain,Entre 2050 et 2069
Aisne,Entre 2010 et 2019
Allier,2009 ou avant
Alpes-de-Haute-Provence,Entre 2020 et 2039
Hautes-Alpes,Entre 2010 et 2019
Alpes-Maritimes,Entre 2020 et 2039
Ardèche,Entre 2040 et 2049
Ardennes,2009 ou avant
Ariège,2070 ou après
Corse-du-Sud,Entre 2050 et 2069
Haute-Corse,Entre 2050 et 2069