codgeo,libgeo,an,tx_evol_rpls
200000172,CC Faucigny - Glières,2019-2023,"2,30"
200000438,CC du Pays de Pontchâteau St-Gildas-des-Bois,2019-2023,"-0,20"
200000545,CC des Portes de Romilly sur Seine,2019-2023,"-0,40"
200000628,CC Rhône Lez Provence,2019-2023,"-2,90"
200000800,CC Coeur de Sologne,2019-2023,"-0,10"
200000925,CC de la Plaine Dijonnaise,2019-2023,"-0,10"
200000933,CC Sauldre et Sologne,2019-2023,"-0,70"
200004802,CC du Pays de Fayence,2019-2023,"0,00"
200005932,CC des Portes de Sologne,2019-2023,"0,40"
200005957,CC de la Région de Rambervillers,2019-2023,"-1,00"
200006682,"CA Beaune, Côte et Sud - Communauté Beaune-Chagny-Nolay",2019-2023,"-0,10"
200006716,CC du Nogentais,2019-2023,"-0,60"
200006930,CC du Haut Allier Margeride,2019-2023,"-0,50"
200006971,CC du Perche,2019-2023,"-0,70"
200007052,CC de la Marche Berrichonne,2019-2023,"-0,80"
200007177,CC Pays de Nérondes,2019-2023,"-0,60"
200010650,CA du Grand Dole,2019-2023,"0,10"
200010700,CA Caux Seine Agglo,2019-2023,"0,20"
200011773,CA Annemasse-Les Voirons-Agglomération,2019-2023,"2,40"
200011781,CC Portes du Berry entre Loire et Val d'Aubois,2019-2023,"-0,40"
200013050,CC Sauer-Pechelbronn,2019-2023,"-0,40"
200015162,CC de l'Oriente,2019-2023,"0,00"
200016905,CC du Pays de Lamastre,2019-2023,"-1,40"
200017341,CC Lodévois et Larzac,2019-2023,"-0,20"
200017846,CA Étampois Sud Essonne,2019-2023,"1,70"
200018083,CC de Desvres-Samer,2019-2023,"2,90"
200018166,CC Le Grésivaudan,2019-2023,"1,20"
200018406,CC du Romorantinais et du Monestois,2019-2023,"0,00"
200018521,CC du Val de Bouzanne,2019-2023,"-1,00"
200018653,CA CAP Excellence,2019-2023,"-0,40"
200022986,CC du Grand Pic Saint-Loup,2019-2023,"4,50"
200023075,CC du Pays de Maîche,2019-2023,"-0,80"
200023125,CC Les Portes Briardes Entre Villes et Forêts,2019-2023,"2,90"
200023240,CC Pays de Nemours,2019-2023,"0,50"
200023299,CC Coeur de Tarentaise,2019-2023,"0,00"
200023307,CA du Grand Villeneuvois,2019-2023,"0,70"
200023372,CC de la Vallée de Chamonix-Mont-Blanc,2019-2023,"0,20"
200023414,Métropole Rouen Normandie,2019-2023,"0,40"
200023620,CC de la Gascogne Toulousaine,2019-2023,"2,90"
200023737,CA du Grand Cahors,2019-2023,"1,50"
200023778,CA du Pays de Saint-Gilles-Croix-de-Vie,2019-2023,"7,30"
200023794,CC de Blaye,2019-2023,"3,80"
200023919,CC Gâtinais Val de Loing,2019-2023,"0,10"
200026573,CC Haut-Jura Saint-Claude,2019-2023,"-0,20"
200027027,CC Arc Sud Bretagne,2019-2023,"1,70"
200027076,CC Arnon Boischaut Cher,2019-2023,"-0,20"
200027100,CC Méditerranée Porte des Maures,2019-2023,"5,10"
200027183,CU Perpignan Méditerranée Métropole,2019-2023,"1,50"
200027217,CC Sarlat-Périgord Noir,2019-2023,"0,20"
200027308,CC d'Auberive Vingeanne et Montsaugeonnais,2019-2023,"0,50"
200027548,CC des Savanes,2019-2023,"1,00"
200029734,CC des 4B Sud Charente,2019-2023,"0,80"
200029999,CC Rives de l'Ain - Pays du Cerdon,2019-2023,"2,20"
200030195,Métropole Nice Côte d'Azur,2019-2023,"2,30"
200030385,CA de Blois ''Agglopolys'',2019-2023,"0,10"
200030435,CC d'Aire-sur-l'Adour,2019-2023,"-0,20"
200030526,CC du Ried de Marckolsheim,2019-2023,"0,50"
200030633,CA du Caudrésis et du Catésis,2019-2023,"0,00"
200030658,CC du Trièves,2019-2023,"0,30"
200030674,CA Val de Garonne Agglomération,2019-2023,"0,60"
200032514,CC Berry-Loire-Vauvise,2019-2023,"-1,20"
200033025,CA de Bar-le-Duc - Sud Meuse,2019-2023,"-2,00"
200033090,CC Plaines et Monts de France,2019-2023,"20,80"
200033116,CC Cluses-Arve et Montagnes,2019-2023,"1,90"
200033173,CC de la Haute Vallée de Chevreuse,2019-2023,"3,40"
200033181,CA Chartres Métropole,2019-2023,"0,20"
200033298,CC des Coëvrons,2019-2023,"0,40"
200033579,CU d'Arras,2019-2023,"0,80"
200033827,CC de Fium'Orbu Castellu,2019-2023,"-2,70"
200033868,CC des Ballons des Hautes-Vosges,2019-2023,"-1,40"
200034023,CC Tarn-Agout,2019-2023,"3,20"
200034031,CC des Monts d'Alban et du Villefranchois,2019-2023,"1,00"
200034049,CC Centre Tarn,2019-2023,"-0,80"
200034056,CC du Lautrécois et du Pays d'Agout,2019-2023,"0,00"
200034064,CC du Cordais et du Causse,2019-2023,"0,30"
200034098,CC des Montagnes du Giffre,2019-2023,"-0,10"
200034130,CC Gally Mauldre,2019-2023,"5,50"
200034197,CC de Montaigne Montravel et Gurson,2019-2023,"-0,40"
200034205,CC de la Costa Verde,2019-2023,"0,00"
200034270,CC du Pays de Barr,2019-2023,"3,00"
200034379,CC Pays d'Uzès,2019-2023,"-0,30"
200034411,CC du Piémont Cévenol,2019-2023,"0,00"
200034601,CC Causses Aigoual Cévennes,2019-2023,"-6,40"
200034635,CC du Kochersberg,2019-2023,"1,00"
200034692,CA du Gard Rhodanien,2019-2023,"1,70"
200034700,CA Durance-Lubéron-Verdon Agglomération,2019-2023,"3,30"
200034718,"CC de Vitry, Champagne et Der",2019-2023,"-1,80"
200034726,CC Bastides de Lomagne,2019-2023,"2,70"
200034825,CA du Grand Guéret,2019-2023,"0,10"
200034833,CC des Bastides Dordogne-Périgord,2019-2023,"-0,30"
200034874,CC Côtes de Meuse Woëvre,2019-2023,"-1,10"
200034882,CC Pays du Mont-Blanc,2019-2023,"1,50"
200034957,CC du Frontonnais,2019-2023,"5,40"
200035087,CA Terre de Provence,2019-2023,"3,70"
200035103,CC de la Vallée de la Haute Sarthe,2019-2023,"0,50"
200035111,CC des Sources de l'Orne,2019-2023,"0,10"
200035129,CC de Cèze Cévennes,2019-2023,"0,20"
200035137,CC Marche Occitane - Val d'Anglin,2019-2023,"-0,60"
200035202,CC Charlieu-Belmont,2019-2023,"-0,80"
200035319,Estérel Côte d'Azur Agglomération,2019-2023,"3,70"
200035327,CC Cazals-Salviac,2019-2023,"0,00"
200035442,CC du Sud Artois,2019-2023,"-0,30"
200035533,CC du Grand Saint Emilionnais,2019-2023,"0,70"
200035541,CC des Landes d'Armagnac,2019-2023,"0,00"
200035632,CC Armagnac Adour,2019-2023,"-0,60"
200035707,CC Piège Lauragais Malepère,2019-2023,"4,70"
200035715,CA Carcassonne Agglo,2019-2023,"0,60"
200035723,CC Ventoux Sud,2019-2023,"-1,10"
200035731,CA Roannais Agglomération,2019-2023,"-0,10"
200035756,CC Astarac Arros en Gascogne,2019-2023,"1,00"
200035764,CC de la Beauce Loirétaine,2019-2023,"0,70"
200035772,CC du Pays du Saintois,2019-2023,"-1,40"
200035814,CA Flers Agglo,2019-2023,"0,20"
200035848,CC du Châtillonnais en Berry,2019-2023,"-0,30"
200035855,CC Castelnaudary Lauragais Audois,2019-2023,"3,10"
200035863,"CC Région Lézignanaise, Corbières et Minervois",2019-2023,"0,60"
200035970,CC Vexin Centre,2019-2023,"3,50"
200036069,CC du Pays de Mortagne-au-Perche,2019-2023,"0,50"
200036077,CC du Golfe de Saint-Tropez,2019-2023,"2,30"
200036135,CC Coeur de France,2019-2023,"0,00"
200036150,CC des Hauts du Val de Saône,2019-2023,"-0,70"
200036465,CC de Thann-Cernay,2019-2023,"0,30"
200036473,"CA ""Saintes - Grandes Rives - L'Agglo""",2019-2023,"0,20"
200036499,CC de Marana-Golo,2019-2023,"2,90"
200036523,CC des Bastides en Haut Agenais Périgord,2019-2023,"-0,30"
200036549,CC Val de Gray,2019-2023,"0,50"
200037059,CC de la Haute Somme (Combles - Péronne - Roisel),2019-2023,"-0,20"
200037133,CC du Provinois,2019-2023,"-0,20"
200038958,CC de la Pieve de l'Ornano et du Taravo,2019-2023,"0,00"
200038990,CC de Saint-Méen Montauban,2019-2023,"0,90"
200039022,CA Vitré Communauté,2019-2023,"0,80"
200039055,CC Ouche et Montagne,2019-2023,"-2,90"
200039063,"CC Forêts, Seine et Suzon",2019-2023,"-1,60"
200039204,CC de Lacq-Orthez,2019-2023,"0,20"
200039519,CC du Quercy Blanc,2019-2023,"-2,10"
200039642,CC Le Tonnerrois en Bourgogne,2019-2023,"-0,20"
200039709,CC du Serein,2019-2023,"-1,20"
200039758,"CC Avallon, Vézelay, Morvan",2019-2023,"0,60"
200039808,CC des Gorges de l'Ardèche,2019-2023,"2,80"
200039824,CC Ardèche des Sources et Volcans,2019-2023,"0,70"
200039832,CC Pays des Vans en Cévennes,2019-2023,"0,00"
200039857,CA du Pays de Grasse,2019-2023,"3,20"
200039865,Metz Métropole,2019-2023,"0,70"
200039907,CC du Sud Messin,2019-2023,"1,20"
200039915,CA Cannes Pays de Lérins,2019-2023,"1,60"
200039931,CC Alpes d'Azur,2019-2023,"-0,20"
200039949,CC Rives de Moselle,2019-2023,"1,90"
200040038,CC Saône Doubs Bresse,2019-2023,"1,10"
200040095,CC Isle Vern Salembre en Périgord,2019-2023,"0,20"
200040111,CC Coeur de Chartreuse,2019-2023,"-0,10"
200040137,CC des Lacs de Champagne,2019-2023,"-0,70"
200040178,CC de l'Outre-Forêt,2019-2023,"-2,50"
200040202,CC Provence Verdon,2019-2023,"0,00"
200040210,CC Lacs et Gorges du Verdon,2019-2023,"0,00"
200040244,CA du Bocage Bressuirais,2019-2023,"-0,50"
200040251,CC Bassée-Montois,2019-2023,"-0,20"
200040277,CA Agglo du Pays de Dreux,2019-2023,"0,40"
200040293,CC du Clunisois,2019-2023,"0,10"
200040350,CC Bugey Sud,2019-2023,"0,20"
200040384,CC Isle Double Landais,2019-2023,"1,10"
200040392,CA Le Grand Périgueux,2019-2023,"0,80"
200040400,CC du Périgord Ribéracois,2019-2023,"-0,10"
200040418,CC du Pays de Serres en Quercy,2019-2023,"-2,00"
200040426,CC du Val de l'Oise,2019-2023,"1,30"
200040442,CA Luberon Monts de Vaucluse,2019-2023,"0,30"
200040459,CA Montélimar Agglomération,2019-2023,"1,20"
200040475,LBN Communauté,2019-2023,"0,50"
200040491,CC Porte de Dromardèche,2019-2023,"-0,10"
200040509,CC du Crestois et de Pays de Saillans Coeur de Drôme,2019-2023,"0,20"
200040558,CC Écueillé-Valençay,2019-2023,"-1,50"
200040566,CA de l'Ouest Rhodanien,2019-2023,"-1,60"
200040574,CC Beaujolais Pierres Dorées,2019-2023,"8,50"
200040590,CA Villefranche Beaujolais Saône,2019-2023,"0,40"
200040624,CC Pays d'Apt-Luberon,2019-2023,"0,40"
200040657,CC de la Matheysine,2019-2023,"-0,10"
200040681,CC Enclave des Papes - Pays de Grignan,2019-2023,"0,50"
200040715,Grenoble-Alpes-Métropole,2019-2023,"1,50"
200040764,CC du Sud Corse,2019-2023,"0,50"
200040772,CC du Perche et Haut Vendômois,2019-2023,"-2,70"
200040798,CC Val Vanoise,2019-2023,"-0,20"
200040814,CC Briance Sud Haute Vienne,2019-2023,"0,70"
200040830,CC du Pays de Fénelon,2019-2023,"0,40"
200040889,CC de Portes Sud Périgord,2019-2023,"0,40"
200040905,CC Carmausin-Ségala,2019-2023,"-0,50"
200040947,CA Coeur de Flandre,2019-2023,"2,30"
200040954,CC des Hauts de Flandre,2019-2023,"0,40"
200041010,CC Coeur de Savoie,2019-2023,"0,20"
200041051,CC Vallée de la Dordogne et Forêt Bessède,2019-2023,"0,00"
200041150,CC Terrassonnais Haut Périgord Noir,2019-2023,"-0,20"
200041168,CC de la Vallée de l'Homme,2019-2023,"0,50"
200041283,CC de la Plaine du Rhin,2019-2023,"-0,50"
200041317,CA du Niortais,2019-2023,"0,50"
200041325,CC du Pays Rhénan,2019-2023,"-0,20"
200041333,CC de Parthenay-Gâtine,2019-2023,"-1,30"
200041366,CC Rhône Crussol,2019-2023,"3,50"
200041416,CC Airvaudais-Val du Thouet,2019-2023,"0,30"
200041440,CC de Domme- Villefranche du Périgord,2019-2023,"0,40"
200041465,CC Val Eyrieux,2019-2023,"0,00"
200041499,CC Aunis Atlantique,2019-2023,"0,40"
200041507,CA La Riviéra du Levant,2019-2023,"0,20"
200041515,CC du Bassin de Pont-à-Mousson,2019-2023,"-0,20"
200041523,CC de la Haute Saintonge,2019-2023,"0,00"
200041556,CC Portes de la Creuse en Marche,2019-2023,"-0,60"
200041572,CC Dronne et Belle,2019-2023,"-0,20"
200041614,CC Aunis Sud,2019-2023,"-0,60"
200041622,CC Ardennes Thiérache,2019-2023,"0,00"
200041630,Ardenne Métropole,2019-2023,"0,50"
200041689,Vals de Saintonge Communauté,2019-2023,"0,20"
200041721,CC de la Haute Comté,2019-2023,"-0,60"
200041762,CA Rochefort Océan,2019-2023,"0,80"
200041788,CA du Pays Nord Martinique,2019-2023,"1,20"
200041853,CC du Pays de Montbozon et du Chanois,2019-2023,"0,00"
200041861,CC du Triangle Vert,2019-2023,"0,90"
200041879,CC Terres de Saône,2019-2023,"-0,10"
200041887,CC du Val Marnaysien,2019-2023,"0,00"
200041960,CC Pévèle-Carembault,2019-2023,"2,20"
200041994,CC Haut Val de Sèvre,2019-2023,"-1,00"
200042000,CC Bruyères-Vallons des Vosges,2019-2023,"0,30"
200042174,CA Lorient Agglomération,2019-2023,"0,60"
200042182,CC du Mont des Avaloirs,2019-2023,"-0,50"
200042190,CA de la Porte du Hainaut,2019-2023,"0,10"
200042372,CC des Coteaux Arrats Gimone,2019-2023,"12,70"
200042414,CC Bresse Revermont 71,2019-2023,"0,60"
200042463,CC de la Montagne Noire,2019-2023,"-0,70"
200042497,CC Dombes Saône Vallée,2019-2023,"2,60"
200042604,"CC de Granville, Terre et Mer",2019-2023,"0,50"
200042620,CC de la Région de Suippes,2019-2023,"-0,40"
200042646,CC Grand Orb Communauté de Communes en Languedoc,2019-2023,"1,30"
200042653,CC Sud-Hérault,2019-2023,"2,00"
200042703,CC de l'Argonne Champenoise,2019-2023,"-1,20"
200042729,CC de la Baie du Cotentin,2019-2023,"0,10"
200042901,CC Drôme Sud Provence,2019-2023,"1,00"
200042935,CA Haut-Bugey Agglomération,2019-2023,"0,20"
200042943,CC du Cap Corse,2019-2023,"0,00"
200042992,CC Perthois-Bocage et Der,2019-2023,"-5,10"
200043016,CC Val de Charente,2019-2023,"9,50"
200043065,CC du Val d'Amboise,2019-2023,"1,20"
200043081,"CC Chinon, Vienne et Loire",2019-2023,"1,80"
200043123,CC Auray Quiberon Terre Atlantique,2019-2023,"1,10"
200043156,CC du Pays Rethélois,2019-2023,"0,00"
200043172,CA du Bassin de Brive,2019-2023,"0,50"
200043263,CC Coeur de l'Avesnois,2019-2023,"0,20"
200043321,CC du Pays de Mormal,2019-2023,"0,70"
200043354,CC de Villedieu Intercom,2019-2023,"-0,10"
200043396,CA Maubeuge Val de Sambre,2019-2023,"0,50"
200043404,CC du Sud Avesnois,2019-2023,"0,20"
200043438,CC de la Moivre à la Coole,2019-2023,"-0,40"
200043495,CA du Pays de Laon,2019-2023,"-0,40"
200043602,"CC des Albères, de la Côte Vermeille et de l'Illibéris",2019-2023,"2,20"
200043628,CC des Vallées du Clain,2019-2023,"0,40"
200043693,CC Terre Lorraine du Longuyonnais,2019-2023,"-3,30"
200043776,CC Pyrénées audoises,2019-2023,"0,20"
200043974,CC du Sud Gironde,2019-2023,"1,80"
200043982,CC du Bazadais,2019-2023,"3,40"
200043990,CC Vallons de Haute-Bretagne Communauté,2019-2023,"1,10"
200044014,CC Creuse Grand Sud,2019-2023,"0,70"
200044030,CC des 7 Vallées,2019-2023,"-0,70"
200044048,CC Osartis Marquion,2019-2023,"0,80"
200044253,CC du Bassin de Joinville en Champagne,2019-2023,"0,00"
200044394,CC du Réolais en Sud Gironde,2019-2023,"0,60"
200044469,CC du Pays de Mirepoix,2019-2023,"4,30"
200044618,CA Douaisis Agglo,2019-2023,"-0,10"
200044691,CA du Nord Grande Terre,2019-2023,"0,00"
200046977,Métropole de Lyon,2019-2023,"0,90"
200048551,CC du Pays de Craon,2019-2023,"-0,30"
200049187,CA du Grand Verdun,2019-2023,"0,40"
200049211,CC Conflent-Canigó,2019-2023,"2,60"
200049484,CC Berry Grand Sud,2019-2023,"-1,30"
200050532,CC de Petite-Terre,2019-2023,"51,30"
200054781,Métropole du Grand Paris,2019-2023,"0,80"
200054807,Métropole d'Aix-Marseille-Provence,2019-2023,"0,90"
200055481,CC Beauce Val de Loire,2019-2023,"1,30"
200055655,CA Roissy Pays de France,2019-2023,"1,30"
200055887,CC Mayenne Communauté,2019-2023,"0,60"
200056232,CA Communauté Paris-Saclay,2019-2023,"2,30"
200056380,CA Plaine Vallée,2019-2023,"1,20"
200057859,CA Coeur d'Essonne Agglomération,2019-2023,"1,60"
200057958,CA Paris - Vallée de la Marne,2019-2023,"1,60"
200058360,CC Entre Beauce et Perche,2019-2023,"0,40"
200058477,CA Val d'Yerres Val de Seine,2019-2023,"0,20"
200058485,CA Val Parisis,2019-2023,"1,60"
200058519,CA Saint Germain Boucles de Seine,2019-2023,"2,30"
200058782,CA de Saint Quentin en Yvelines,2019-2023,"0,70"
200059228,CA Grand Paris Sud Seine Essonne Sénart,2019-2023,"1,00"
200059392,CC Bièvre Isère,2019-2023,"0,90"
200059400,CC Porte Océane du Limousin,2019-2023,"2,10"
200059871,CC du Centre-Ouest,2019-2023,
200059889,CU Grand Paris Seine et Oise,2019-2023,"0,90"
200060010,CA Mauges Communauté,2019-2023,"0,40"
200060457,CA de Dembeni / Mamoudzou,2019-2023,"47,50"
200060465,CA du Grand Nord de Mayotte,2019-2023,"86,90"
200060473,CC du Sud,2019-2023,
200065563,CC Normandie-Cabourg-Pays d'Auge,2019-2023,"0,00"
200065589,CC Val ès Dunes,2019-2023,"0,50"
200065597,CU Caen la Mer,2019-2023,"1,20"
200065647,CA Pays de Montbéliard Agglomération,2019-2023,"-0,90"
200065787,CC de Pont-Audemer / Val de Risle,2019-2023,"0,00"
200065886,Loire Forez Agglomération (LFA),2019-2023,"1,50"
200065894,CC de Forez-Est,2019-2023,"0,80"
200065928,CA Lannion-Trégor Communauté,2019-2023,"1,50"
200066009,CA Mulhouse Alsace Agglomération,2019-2023,"0,20"
200066017,CC Lieuvin Pays d'Auge,2019-2023,"1,10"
200066025,CC Alsace Rhin Brisach,2019-2023,"0,70"
200066033,CC Sud Alsace Largue,2019-2023,"-0,90"
200066041,CC Sundgau,2019-2023,"-0,80"
200066058,CA Saint-Louis Agglomération,2019-2023,"1,50"
200066108,CC des Portes de Meuse,2019-2023,"-1,30"
200066116,CC Argonne-Meuse,2019-2023,"-0,30"
200066124,CA Gaillac-Graulhet,2019-2023,"0,60"
200066132,CC du Pays de Stenay et du Val Dunois,2019-2023,"0,00"
200066140,CC de l'Aire à l'Argonne,2019-2023,"0,00"
200066157,CC de Commercy - Void - Vaucouleurs,2019-2023,"-0,80"
200066165,CC Val de Meuse - Voie Sacrée,2019-2023,"-0,20"
200066173,CC de Damvillers Spincourt,2019-2023,"-0,50"
200066223,CC Arize Lèze,2019-2023,"0,00"
200066231,CC des Portes d'Ariège Pyrénées,2019-2023,"-0,10"
200066280,CC du Pithiverais,2019-2023,"-0,30"
200066322,CC Terres des Confluences,2019-2023,"-0,20"
200066330,CC Terres du Haut Berry,2019-2023,"-1,30"
200066348,CC du Minervois au Caroux,2019-2023,"0,00"
200066355,CA Sète Agglopôle Méditerranée,2019-2023,"2,00"
200066363,CC de la Haute Ariège,2019-2023,"0,00"
200066371,CC Causses et Vallée de la Dordogne,2019-2023,"0,20"
200066389,CA Saint-Lô Agglo,2019-2023,"0,10"
200066405,CC Roumois Seine,2019-2023,"2,10"
200066413,CC Intercom Bernay Terres de Normandie,2019-2023,"0,10"
200066462,CC Interco Normandie Sud Eure,2019-2023,"-0,80"
200066512,CC Élan Limousin Avenir Nature,2019-2023,"-0,70"
200066520,CC Ouest Limousin,2019-2023,"0,70"
200066553,CC du Haut-Languedoc,2019-2023,"0,00"
200066561,CC Sidobre Vals et Plateaux,2019-2023,"-0,10"
200066587,CC des Monts du Lyonnais,2019-2023,"-0,50"
200066603,CC du Pays de Lubersac-Pompadour,2019-2023,"-0,20"
200066637,CC Hautes Terres,2019-2023,"-2,50"
200066645,CC Vézère-Monédières-Millesources,2019-2023,"-1,30"
200066652,CC Grand Sud Tarn-et-Garonne,2019-2023,"4,90"
200066660,CC de Saint-Flour,2019-2023,"-0,50"
200066678,CC de la Châtaigneraie Cantalienne,2019-2023,"2,90"
200066710,CC Cingal-Suisse Normande,2019-2023,"0,10"
200066728,CC Vallées de l'Orne et de l'Odon,2019-2023,"1,40"
200066744,CC Haute-Corrèze Communauté,2019-2023,"-1,40"
200066751,CC Xaintrie Val'Dordogne,2019-2023,"-0,30"
200066769,CC Midi Corrézien,2019-2023,"0,20"
200066777,Ploërmel Communauté,2019-2023,"-0,70"
200066785,CC de l'Oust à Brocéliande,2019-2023,"-0,60"
200066793,CA du Grand Annecy,2019-2023,"2,20"
200066801,CC Isigny-Omaha Intercom,2019-2023,"-0,60"
200066819,CC du Volvestre,2019-2023,"2,20"
200066827,CC du Pays de Honfleur-Beuzeville,2019-2023,"-0,90"
200066835,CC de Sézanne-Sud Ouest Marnais,2019-2023,"-2,40"
200066850,CC des Paysages de la Champagne,2019-2023,"0,10"
200066868,CC Presqu'île de Crozon-Aulne maritime,2019-2023,"0,60"
200066876,CA de Châlons-en-Champagne,2019-2023,"0,00"
200066884,CC Quercy Vert-Aveyron,2019-2023,"-0,20"
200066892,CC de Vendeuvre-Soulaines,2019-2023,"-2,70"
200066918,CA Alès Agglomération,2019-2023,"0,30"
200066926,CA Grand Auch Coeur de Gascogne,2019-2023,"0,10"
200066975,CC Senlis Sud Oise,2019-2023,"1,10"
200067023,CC Coutances Mer et Bocage,2019-2023,"0,40"
200067031,CC Côte Ouest Centre Manche,2019-2023,"1,00"
200067049,CC Spelunca-Liamone,2019-2023,"10,00"
200067064,CC Decazeville Communauté,2019-2023,"-2,50"
200067072,CC Haut-Léon Communauté,2019-2023,"-0,30"
200067080,CC Chablis Villages et Terroirs,2019-2023,"-1,00"
200067106,CA du Pays Basque,2019-2023,"2,20"
200067114,CA de l'Auxerrois,2019-2023,"0,50"
200067122,CC du Pays de Lafrançaise,2019-2023,"0,00"
200067130,CC de Puisaye-Forterre,2019-2023,"-1,00"
200067155,"CC Saint Affricain, Roquefort, Sept Vallons",2019-2023,"0,00"
200067163,"CC Monts, Rance et Rougier",2019-2023,"0,00"
200067171,CC Aubrac Carladez Viadène,2019-2023,"-0,80"
200067189,CC Creuse Sud Ouest,2019-2023,"0,90"
200067197,CC Monts d'Arrée Communauté,2019-2023,"-0,50"
200067205,CA du Cotentin,2019-2023,"0,00"
200067213,CU du Grand Reims,2019-2023,"0,00"
200067239,CC des Luys en Béarn,2019-2023,"0,50"
200067247,CC Pleyben-Châteaulin-Porzay,2019-2023,"-0,10"
200067254,CA Pau Béarn Pyrénées,2019-2023,"0,70"
200067262,CC du Haut Béarn,2019-2023,"-0,60"
200067288,CC du Béarn des Gaves,2019-2023,"0,40"
200067296,CC du Nord Est Béarn,2019-2023,"2,60"
200067304,CC Serein et Armance,2019-2023,"-0,50"
200067320,CC Serre-Ponçon Val d'Avance,2019-2023,"-0,30"
200067346,CA Pornic Agglo Pays de Retz,2019-2023,"4,00"
200067361,CC Grand-Figeac,2019-2023,"0,90"
200067379,CC Côtes de Champagne et Val de Saulx,2019-2023,"-0,10"
200067429,CC Haut Nivernais - Val d'Yonne,2019-2023,"0,10"
200067437,CA Provence-Alpes-Agglomération,2019-2023,"0,60"
200067445,CC Buëch-Dévoluy,2019-2023,"0,00"
200067452,CC du Guillestrois et du Queyras,2019-2023,"0,70"
200067460,CC Loudéac Communauté - Bretagne Centre,2019-2023,"0,20"
200067478,CC Comtal Lot et Truyère,2019-2023,"0,30"
200067486,CC Bouzonvillois-Trois Frontières,2019-2023,"-0,20"
200067502,CA Saint-Avold Synergie,2019-2023,"-0,70"
200067544,CC Creuse Confluence,2019-2023,"-0,40"
200067551,CA Thonon Agglomération,2019-2023,"3,50"
200067593,CC Marche et Combraille en Aquitaine,2019-2023,"-0,30"
200067627,CC Billom Communauté,2019-2023,"4,30"
200067635,CA Clisson Sèvre et Maine Agglo,2019-2023,"1,90"
200067643,CC Meurthe Mortagne Moselle,2019-2023,"0,20"
200067650,CC Houve - Pays Boulageois,2019-2023,"-2,50"
200067668,"CC de la Cléry, du Betz et de l'Ouanne",2019-2023,"-0,20"
200067676,CC Canaux et Forêts en Gâtinais,2019-2023,"-0,60"
200067684,"CA Epernay, Coteaux et Plaine de Champagne",2019-2023,"0,20"
200067692,CC Tannay-Brinon-Corbigny,2019-2023,"0,00"
200067700,CC Sud Nivernais,2019-2023,"-3,10"
200067742,CC Serre-Ponçon,2019-2023,"-0,30"
200067759,CC Vallées et Plateau d'Ardenne,2019-2023,"0,30"
200067767,CC du Royans-Vercors,2019-2023,"0,20"
200067783,CC de Hanau-La Petite Pierre,2019-2023,"0,40"
200067791,CA L'Agglo Foix-Varilhes,2019-2023,"0,30"
200067817,CC Saône-Beaujolais,2019-2023,"2,60"
200067825,CA Gap-Tallard-Durance,2019-2023,"0,30"
200067841,CC de l'Alsace Bossue,2019-2023,"-1,70"
200067866,CC Sèvre et Loire,2019-2023,"2,70"
200067874,CA de Haguenau,2019-2023,"3,50"
200067882,CC Bazois Loire Morvan,2019-2023,"-2,10"
200067890,CC Morvan Sommets et Grands Lacs,2019-2023,"-0,50"
200067908,CC Amognes Coeur du Nivernais,2019-2023,"-4,60"
200067916,CC Coeur de Loire,2019-2023,"-3,00"
200067924,CC du Canton d'Erstein,2019-2023,"0,30"
200067932,CA Golfe du Morbihan - Vannes Agglomération,2019-2023,"1,30"
200067940,CC Couserans-Pyrénées,2019-2023,"0,00"
200067957,CC Haut Chemin - Pays de Pange,2019-2023,"-2,70"
200067965,CA de la Région de Compiègne et de la Basse Automne,2019-2023,"0,50"
200067973,CC Thelloise,2019-2023,"1,30"
200067981,CA Guingamp-Paimpol Agglomération de l'Armor à l'Argoat,2019-2023,"0,90"
200067999,CA du Beauvaisis,2019-2023,"0,10"
200068005,CC de l'Oise Picarde,2019-2023,"-0,30"
200068047,CA Creil Sud Oise,2019-2023,"0,70"
200068070,CC Loue-Lison,2019-2023,"-0,30"
200068088,CC Les Bertranges,2019-2023,"-1,60"
200068096,CC Champsaur-Valgaudemar,2019-2023,"0,10"
200068104,CA de la Provence Verte,2019-2023,"0,80"
200068112,CC du Pays de Saverne,2019-2023,"0,20"
200068120,CA Quimper Bretagne Occidentale,2019-2023,"2,10"
200068146,CC Sarrebourg Moselle Sud,2019-2023,"0,10"
200068229,CC des Baronnies en Drôme Provençale,2019-2023,"0,00"
200068278,CC Berry Loire Puisaye,2019-2023,"-2,10"
200068294,CC des Deux Vallées Vertes,2019-2023,"-4,20"
200068369,CC de Mirecourt Dompaire,2019-2023,"-0,10"
200068377,CC de la Porte des Vosges Méridionales,2019-2023,"-0,70"
200068435,CC Coeur du Perche,2019-2023,"0,00"
200068443,CC Andaine - Passais,2019-2023,"0,00"
200068450,Terres d'Argentan Interco,2019-2023,"0,10"
200068468,CC des Pays de L'Aigle,2019-2023,"0,10"
200068484,CC des Causses à l'Aubrac,2019-2023,"0,00"
200068500,CA de Cambrai,2019-2023,"1,20"
200068534,CC Terroir de Caux,2019-2023,"-0,30"
200068542,CC Les Balcons du Dauphiné,2019-2023,"0,90"
200068559,CC de l'Ouest Vosgien,2019-2023,"-0,40"
200068567,CC Les Vals du Dauphiné,2019-2023,"0,30"
200068625,"CC Alpes-Provence-Verdon ""Sources de lumière""",2019-2023,"-0,20"
200068641,CA Le Muretain Agglo,2019-2023,"2,70"
200068658,CA de Chaumont,2019-2023,"-0,10"
200068666,CA du Grand Saint-Dizier Der et Vallées,2019-2023,"-1,30"
200068674,CA Grand Lac,2019-2023,"0,90"
200068682,CC Terre d'Eau,2019-2023,"-0,10"
200068757,CA d'Epinal,2019-2023,"0,00"
200068765,CC du Sisteronais-Buëch,2019-2023,"0,00"
200068773,CC des Vosges côté Sud Ouest,2019-2023,"-0,20"
200068781,CA Valence Romans Agglo,2019-2023,"1,30"
200068799,CC Intercom de la Vire au Noireau,2019-2023,"-1,60"
200068807,CC du Bassin Auterivain Haut-Garonnais,2019-2023,"1,00"
200068815,CC Coeur de Garonne,2019-2023,"0,10"
200068831,Pays Ségali Communauté,2019-2023,"0,20"
200068856,CC des Hauts du Perche,2019-2023,"0,70"
200068864,CC de la Mossig et du Vignoble,2019-2023,"0,80"
200068872,CC Éguzon - Argenton - Vallée de la Creuse,2019-2023,"-0,30"
200068880,CC Champagne Boischauts,2019-2023,"-1,70"
200068914,CC La Rochefoucauld Porte du Périgord,2019-2023,"-0,70"
200068922,CC du Confluent et des Coteaux de Prayssas,2019-2023,"0,20"
200068930,CC Fumel Vallée du Lot,2019-2023,"-1,50"
200068948,CC Albret Communauté,2019-2023,"1,50"
200068955,CC Anjou Loir et Sarthe,2019-2023,"-0,30"
200068963,CC Maine Coeur de Sarthe,2019-2023,"2,50"
200068989,CA Dinan Agglomération,2019-2023,"1,40"
200068997,CA Arlysère,2019-2023,"0,20"
200069003,CC du Barséquanais en Champagne,2019-2023,"-0,90"
200069029,CA des Deux Baies en Montreuillois,2019-2023,"0,70"
200069037,CA du Pays de Saint-Omer,2019-2023,"0,40"
200069052,CA Grand Belfort,2019-2023,"-0,80"
200069060,CC des Vosges du Sud,2019-2023,"-0,60"
200069086,CC Leff Armor Communauté,2019-2023,"2,50"
200069094,CC Isle et Crempse en Périgord,2019-2023,"-0,30"
200069102,CC Randon - Margeride,2019-2023,"0,00"
200069110,CA du Grand Chambéry,2019-2023,"0,90"
200069128,CC Mont Lozère,2019-2023,"2,10"
200069136,CC des Cévennes au Mont Lozère,2019-2023,"1,60"
200069144,CC des Hautes Terres de l'Aubrac,2019-2023,"0,90"
200069151,CC Gorges Causses Cévennes,2019-2023,"0,70"
200069169,CC Dômes Sancy Artense,2019-2023,"0,00"
200069177,CC Mond'Arverne Communauté,2019-2023,"4,00"
200069185,CC des Terres d'Apcher-Margeride-Aubrac,2019-2023,"0,50"
200069193,CC de la Dombes,2019-2023,"1,70"
200069227,CC Pays Fort Sancerrois Val de Loire,2019-2023,"-0,50"
200069235,CC du Haut Pays du Montreuillois,2019-2023,"-0,70"
200069250,CA Troyes Champagne Métropole,2019-2023,"0,60"
200069268,CC Aubrac Lot Causses Tarn,2019-2023,"0,40"
200069300,CA Tarbes-Lourdes-Pyrénées,2019-2023,"0,00"
200069383,Ouest Aveyron Communauté,2019-2023,"0,50"
200069391,CA Lamballe Terre et Mer,2019-2023,"1,50"
200069409,CA Saint-Brieuc Armor Agglomération,2019-2023,"0,60"
200069417,CC Pays d'Orthe et Arrigans,2019-2023,"0,20"
200069425,CA Mont-Saint-Michel-Normandie,2019-2023,"0,30"
200069433,CC de Vezouze en Piémont,2019-2023,"-0,10"
200069441,CC du Pays de Bitche,2019-2023,"-0,30"
200069458,CC des Vallées d'Auge et du Merlerault,2019-2023,"-0,10"
200069482,CC des Campagnes de l'Artois,2019-2023,"-1,40"
200069516,CC Seulles Terre et Mer,2019-2023,"-0,60"
200069524,CC Pré-Bocage Intercom,2019-2023,"0,20"
200069532,CA Lisieux Normandie,2019-2023,"-1,20"
200069540,CC Norge et Tille,2019-2023,"-0,70"
200069565,CC des Lacs et Montagnes du Haut-Doubs,2019-2023,"2,40"
200069581,CC Convergence Garonne,2019-2023,"1,70"
200069599,CC Rurales de l'Entre-Deux-Mers,2019-2023,"-0,20"
200069615,CC Bresse Haute Seille,2019-2023,"0,10"
200069623,CC Champagnole Nozeroy Jura,2019-2023,"0,50"
200069631,CC Terres de Chalosse,2019-2023,"-0,10"
200069649,CC Chalosse Tursan,2019-2023,"0,80"
200069656,CC Coeur Haute Lande,2019-2023,"0,00"
200069664,CC Meuse Rognon,2019-2023,"0,00"
200069672,CC du Ternois,2019-2023,"0,00"
200069698,CC Mâconnais - Tournugeois,2019-2023,"-0,70"
200069722,CC Interrégionale Aumale - Blangy-sur-Bresle,2019-2023,"-1,40"
200069730,CC des Quatre Rivières en Bray,2019-2023,"-0,60"
200069748,CC Val de Gâtine,2019-2023,"-1,80"
200069755,CC Mellois en Poitou,2019-2023,"-1,00"
200069763,CC du Haut Poitou,2019-2023,"0,80"
200069821,CA Fécamp Caux Littoral Agglomération,2019-2023,"0,40"
200069839,CC de la Côte d'Albâtre,2019-2023,"0,10"
200069847,CC Plateau de Caux,2019-2023,"0,80"
200069854,CU du Grand Poitiers,2019-2023,"1,20"
200069912,CC des Forêts du Perche,2019-2023,"0,30"
200069953,CC des Portes Euréliennes d'Ile de France,2019-2023,"1,00"
200069961,CC du Grand Châteaudun,2019-2023,"0,70"
200069995,CC Médoc Coeur de Presqu'île,2019-2023,"-0,90"
200070035,CC du Civraisien en Poitou,2019-2023,"0,20"
200070043,CC Vienne et Gartempe,2019-2023,"0,50"
200070068,CC Bray-Eawy,2019-2023,"0,00"
200070092,CA du Libournais,2019-2023,"1,60"
200070100,CC du Val de Sully,2019-2023,"-0,40"
200070118,CC Val de Saône Centre,2019-2023,"2,30"
200070126,CC Seine et Aube,2019-2023,"0,00"
200070142,CC Lyons Andelle,2019-2023,"-0,30"
200070159,CC Coeur de Beauce,2019-2023,"0,70"
200070167,CC Terres de Perche,2019-2023,"-0,30"
200070183,CC des Terres du Val de Loire,2019-2023,"1,10"
200070233,CA Terres de Montaigu,2019-2023,"0,50"
200070282,CC Lavalette Tude Dronne,2019-2023,"0,30"
200070290,CC Coeur du Pays Haut,2019-2023,"-0,40"
200070308,CA Mâconnais Beaujolais Agglomération,2019-2023,"0,40"
200070316,"CC Entre Arroux, Loire et Somme",2019-2023,"-1,10"
200070324,CC du Territoire de Lunéville à Baccarat,2019-2023,"-0,40"
200070332,CC des Savoir-Faire,2019-2023,"0,20"
200070340,CC Haute Maurienne Vanoise,2019-2023,"0,00"
200070365,CC Corbières Salanque Méditerranée,2019-2023,"1,70"
200070373,CC Loir-Lucé-Bercé,2019-2023,"-0,80"
200070407,CA Agglo Pays d'Issoire,2019-2023,"1,00"
200070431,CC Saint-Marcellin Vercors Isère Communauté,2019-2023,"1,10"
200070449,CC Inter-Caux-Vexin,2019-2023,"1,10"
200070464,CC Coeur de Maurienne Arvan,2019-2023,"0,10"
200070506,CC Pays de Nexon Monts de Chalus,2019-2023,"3,80"
200070514,CA du Grand Cognac,2019-2023,"-0,10"
200070530,CC du Grand Autunois Morvan,2019-2023,"0,40"
200070548,CC Brionnais Sud Bourgogne,2019-2023,"0,10"
200070555,CC de la Veyle,2019-2023,"2,00"
200070563,CC Terres Touloises,2019-2023,"1,70"
200070571,CC Coeur de Berry,2019-2023,"-0,70"
200070589,CC de Seille et Grand Couronné,2019-2023,"2,30"
200070647,CA Bergeracoise,2019-2023,"0,60"
200070662,CC Bretagne Porte de Loire Communauté,2019-2023,"0,70"
200070670,CC du Pays de Dol et de la Baie du Mont Saint-Michel,2019-2023,"1,40"
200070688,CC Couesnon Marches de Bretagne,2019-2023,"1,10"
200070712,CC Thiers Dore et Montagne,2019-2023,"0,40"
200070720,CC Médoc Atlantique,2019-2023,"1,80"
200070738,CC Mad et Moselle,2019-2023,"5,30"
200070746,CA Sarreguemines Confluences,2019-2023,"0,00"
200070753,CA Riom Limagne et Volcans,2019-2023,"1,60"
200070761,CC Ambert Livradois Forez,2019-2023,"0,50"
200070779,CC Brie des Rivières et Châteaux,2019-2023,"1,00"
200070787,CC du Plateau de Lannemezan,2019-2023,"0,60"
200070795,CC du Pays de Trie et du Magnoac,2019-2023,"-0,70"
200070803,CC des Coteaux du Val d'Arros,2019-2023,"0,00"
200070811,CC Pyrénées Vallées des Gaves,2019-2023,"-0,80"
200070829,CC Neste Barousse,2019-2023,"0,00"
200070845,CC Orne Lorraine Confluences,2019-2023,"0,50"
200070852,CC Usses et Rhône,2019-2023,"1,10"
200070894,CC de Gevrey-Chambertin et de Nuits-Saint-Georges,2019-2023,"-0,30"
200070902,CC Auxonne Pontailler Val de Saône,2019-2023,"-0,40"
200070910,CC Tille et Venelle,2019-2023,"-1,10"
200070928,CC Terre de Picardie,2019-2023,"0,10"
200070936,CC Ponthieu-Marquenterre,2019-2023,"0,60"
200070944,CC du Vimeu,2019-2023,"0,90"
200070951,CC du Territoire Nord Picardie,2019-2023,"0,00"
200070969,CC Avre Luce Noye,2019-2023,"-0,10"
200070977,CC du Grand Roye,2019-2023,"0,50"
200070985,CC de l'Est de la Somme,2019-2023,"-0,30"
200070993,CA de la Baie de Somme,2019-2023,"0,50"
200071017,CC des Terres d'Auxois,2019-2023,"-0,10"
200071025,CC Haute-Provence - Pays de Banon,2019-2023,"-1,40"
200071033,CC Jabron-Lure-Vançon-Durance,2019-2023,"3,20"
200071041,CC du Chaourçois et du Val d'Armance,2019-2023,"-0,20"
200071058,CC Les Avant-Monts,2019-2023,"2,40"
200071066,CA de Saint-Dié-des-Vosges,2019-2023,"-0,30"
200071074,CC Les Portes de l'Ile de France,2019-2023,"3,10"
200071082,CA Montluçon Communauté,2019-2023,"-0,40"
200071116,CA ECLA (Espace Communautaire Lons Agglomération),2019-2023,"-0,30"
200071140,CA Moulins Communauté,2019-2023,"0,20"
200071165,CA Les Sables d'Olonne Agglomération,2019-2023,"2,20"
200071173,CC du Pays Arnay Liernais,2019-2023,"0,30"
200071181,CC Somme Sud-Ouest,2019-2023,"0,70"
200071199,CC Plaine Limagne,2019-2023,"0,30"
200071207,CC de Pouilly-en-Auxois / Bligny-sur-Ouche,2019-2023,"-0,50"
200071215,CC Chavanon Combrailles et Volcans,2019-2023,"-2,80"
200071223,CC Nièvre et Somme,2019-2023,"0,20"
200071298,CC des Terres du Lauragais,2019-2023,"4,30"
200071314,CC des Hauts-Tolosans,2019-2023,"4,80"
200071363,CA Vichy Communauté,2019-2023,"-0,90"
200071371,CC Bresse et Saône,2019-2023,"0,60"
200071389,CC Saint-Pourçain Sioule Limagne,2019-2023,"-0,40"
200071405,CC Ardèche Rhône Coiron,2019-2023,"0,00"
200071413,CA Privas Centre Ardèche,2019-2023,"0,40"
200071454,CA Evreux Portes de Normandie,2019-2023,"-0,30"
200071470,CC Entr'Allier Besbre et Loire,2019-2023,"-1,50"
200071496,CC du Bocage Bourbonnais,2019-2023,"-0,20"
200071504,CC des Collines du Perche Normand,2019-2023,"-0,10"
200071512,CC Commentry Montmarault Néris Communauté,2019-2023,"0,00"
200071520,CC Domfront Tinchebray Interco,2019-2023,"0,50"
200071538,CC Terres de Bresse,2019-2023,"0,60"
200071546,CC Sud Retz Atlantique,2019-2023,"0,00"
200071553,CC Loire Layon Aubance,2019-2023,"-0,20"
200071579,CC Bresse Louhannaise Intercom',2019-2023,"-0,10"
200071587,CC Loches Sud Touraine,2019-2023,"0,20"
200071595,"CC Arbois, Poligny, Salins, Coeur du Jura",2019-2023,"-0,10"
200071629,CC Challans-Gois Communauté,2019-2023,"6,00"
200071645,CC Saint Cyr Mère Boitier entre Charolais et Mâconnais,2019-2023,"1,00"
200071652,CC du Pays Fertois et du Bocage Carrougien,2019-2023,"0,00"
200071678,CA Cholet Agglomération,2019-2023,"0,10"
200071751,CA du Bassin de Bourg-en-Bresse,2019-2023,"0,30"
200071769,CC Picardie des Châteaux,2019-2023,"-0,20"
200071777,"CC d'Arcis, Mailly, Ramerupt",2019-2023,"-2,80"
200071785,CA Chauny Tergnier La Fère,2019-2023,"-0,10"
200071819,CC du Périgord Nontronnais,2019-2023,"-0,30"
200071827,CA du Grand Angoulême,2019-2023,"0,90"
200071843,CC du Vexin Normand,2019-2023,"0,20"
200071850,CC du Pithiverais-Gâtinais,2019-2023,"-1,10"
200071868,CC des Vallées du Haut-Anjou,2019-2023,"0,20"
200071876,CA Saumur Val de Loire,2019-2023,"0,20"
200071884,CC Le Grand Charolais,2019-2023,"0,00"
200071892,CA du Saint-Quentinois,2019-2023,"-0,60"
200071900,CC Vendée Grand Littoral,2019-2023,"1,60"
200071918,CC du Pays de Saint-Fulgent - Les Essarts,2019-2023,"0,70"
200071926,CC du Limouxin,2019-2023,"2,70"
200071934,CC du Pays de Fontenay-Vendée,2019-2023,"0,10"
200071942,CC Haut Limousin en Marche,2019-2023,"-0,70"
200071967,CC Pays d'Evian Vallée d'Abondance,2019-2023,"4,20"
200071983,CC Thiérache Sambre et Oise,2019-2023,"0,60"
200071991,CC Retz en Valois,2019-2023,"0,00"
200072007,CC Montagne d'Ardèche,2019-2023,"-2,40"
200072015,CA Annonay Rhône Agglo,2019-2023,"0,70"
200072023,CC Coeur de Charente,2019-2023,"0,30"
200072031,CA de la Région de Château-Thierry,2019-2023,"1,10"
200072049,CC de Charente Limousine,2019-2023,"-0,20"
200072056,CC Porte du Jura,2019-2023,"0,00"
200072064,CC Val-de-Cher-Controis,2019-2023,"0,70"
200072072,CA Territoires Vendômois,2019-2023,"-0,10"
200072080,CC du Pays de Saint-Eloy,2019-2023,"-0,80"
200072098,CC Combrailles Sioule et Morge,2019-2023,"-1,30"
200072106,CC Adour Madiran,2019-2023,"-2,50"
200072130,CA du Pays de Meaux,2019-2023,"-0,50"
200072304,CC Vallée de l'Ubaye - Serre-Ponçon,2019-2023,"-0,40"
200072312,CA Seine Normandie Agglomération,2019-2023,"-0,10"
200072320,CC Val de Gers,2019-2023,"3,50"
200072346,CA du Pays de Fontainebleau,2019-2023,"0,40"
200072452,CA Fougères Agglomération,2019-2023,"0,50"
200072460,"CA de Béthune-Bruay, Artois-Lys Romane",2019-2023,"-0,20"
200072478,CC Pays d'Opale,2019-2023,"-0,40"
200072544,CC des Deux Morin,2019-2023,"1,00"
200072635,CC Pyrénées Haut Garonnaises,2019-2023,"-4,40"
200072643,CC Coeur et Coteaux du Comminges,2019-2023,"-0,80"
200072650,CC Touraine Vallée de l'Indre,2019-2023,"2,20"
200072668,CC Touraine Val de Vienne,2019-2023,"-0,10"
200072676,CC Maine Saosnois,2019-2023,"-1,10"
200072684,CC Le Gesnois Bilurien,2019-2023,"-0,40"
200072692,CC des Vallées de la Braye et de l'Anille,2019-2023,"-0,40"
200072700,CC Haute Sarthe Alpes Mancelles,2019-2023,"0,80"
200072718,CC de la Champagne Conlinoise et du Pays de Sillé,2019-2023,"-0,60"
200072726,CC Châteaubriant-Derval,2019-2023,"0,00"
200072734,CC Estuaire et Sillon,2019-2023,"1,50"
200072825,CC Mirebellois et Fontenois,2019-2023,"3,20"
200072874,CC Val Briard,2019-2023,"-0,80"
200072882,CC de Vie et Boulogne,2019-2023,"1,30"
200072981,CC Touraine Ouest Val de Loire,2019-2023,"0,20"
200072999,CC du Grand Langres,2019-2023,"0,20"
200073013,CC Carnelle Pays-de-France,2019-2023,"3,00"
200073096,CA Arche Agglo,2019-2023,"1,80"
200073104,CC de l'Ile-Rousse - Balagne,2019-2023,"0,00"
200073112,CC Sud Sarthe,2019-2023,"-0,90"
200073120,CC Nebbiu - Conca d'Oro,2019-2023,"0,00"
200073138,CC Pasquale Paoli,2019-2023,"0,00"
200073146,CC Cagire Garonne Salat,2019-2023,"-2,30"
200073161,CC Touraine-Est Vallées,2019-2023,"2,10"
200073237,CC de Gâtine-Racan,2019-2023,"1,30"
200073245,CC du Bassin d'Aubenas,2019-2023,"-0,40"
200073252,CC de la Castagniccia-Casinca,2019-2023,"11,60"
200073260,CC Sud Vendée Littoral,2019-2023,"0,30"
200073344,CA Rambouillet Territoires,2019-2023,"1,20"
200073393,CC des Rives du Haut Allier,2019-2023,"1,00"
200073401,CC Mézenc-Loire-Meygal,2019-2023,"-0,50"
200073419,CA du Puy-en-Velay,2019-2023,"1,00"
200073427,CC Marches du Velay-Rochebaron,2019-2023,"-0,40"
200077014,CA Vienne Condrieu,2019-2023,"0,40"
200083392,CA Laval Agglomération,2019-2023,"0,70"
200084952,Le Havre Seine Métropole,2019-2023,"-0,10"
200085728,CC Brioude Sud Auvergne,2019-2023,"-1,80"
200085751,CC Entre Bièvre et Rhône,2019-2023,"1,60"
200089456,CA Seine-Eure,2019-2023,"-0,30"
200090504,CA Coulommiers Pays de Brie,2019-2023,"0,50"
200090561,CC Vierzon-Sologne-Berry,2019-2023,"0,20"
200090579,CC Terre d'Émeraude Communauté,2019-2023,"0,30"
200090751,CA Grand Calais Terres et Mers,2019-2023,"-0,10"
200093201,Métropole Européenne de Lille,2019-2023,"1,10"
200096634,CC des Hautes Vosges,2019-2023,"0,00"
200096642,CC Gérardmer Hautes Vosges,2019-2023,"-0,10"
200096675,CC Baud Communauté,2019-2023,"-0,70"
200096683,CC Centre Morbihan Communauté,2019-2023,"-0,10"
200096956,CA Agglomération d'Agen,2019-2023,"0,60"
240100610,CC de la Côtière à Montluel,2019-2023,"1,60"
240100750,CA du Pays de Gex,2019-2023,"3,70"
240100800,CC de Miribel et du Plateau,2019-2023,"2,70"
240100883,CC de la Plaine de l'Ain,2019-2023,"1,60"
240100891,CC Terre Valserhône (CCTV),2019-2023,"1,10"
240200444,CC de la Thiérache du Centre,2019-2023,"0,10"
240200469,CC du Pays de la Serre,2019-2023,"-0,40"
240200477,GrandSoissons Agglomération,2019-2023,"0,10"
240200493,CC du Pays du Vermandois,2019-2023,"0,10"
240200501,CC du Val de l'Aisne,2019-2023,"2,40"
240200519,CC du Canton d'Oulchy-le-Château,2019-2023,"-0,50"
240200576,CC de la Champagne Picarde,2019-2023,"0,20"
240200584,CC du Canton de Charly-sur-Marne,2019-2023,"-1,40"
240200592,CC du Chemin des Dames,2019-2023,"-0,70"
240200600,CC des Trois Rivières,2019-2023,"-0,40"
240200634,CC des Portes de la Thiérache,2019-2023,"-0,30"
240300491,CC du Pays de Lapalisse,2019-2023,"-0,60"
240300558,CC du Pays de Tronçais,2019-2023,"-0,20"
240300566,CC du Val de Cher,2019-2023,"0,00"
240300657,CC du Pays d'Huriel,2019-2023,"0,00"
240400440,CC Pays Forcalquier et Montagne de Lure,2019-2023,"4,70"
240500439,CC du Briançonnais,2019-2023,"0,40"
240500462,CC du Pays des Ecrins,2019-2023,"0,00"
240600551,CA de la Riviera Française,2019-2023,"3,90"
240600585,CA de Sophia Antipolis,2019-2023,"3,60"
240600593,CC du Pays des Paillons,2019-2023,"1,50"
240700302,CC du Pays Beaume-Drobie,2019-2023,"4,20"
240700617,CC Val de Ligne,2019-2023,"0,70"
240700716,CC du Val d'Ay,2019-2023,"-1,60"
240700815,CC Berg et Coiron,2019-2023,"0,40"
240700864,CC du Rhône aux Gorges de l'Ardèche,2019-2023,"2,60"
240800821,"CC Ardenne, Rives de Meuse",2019-2023,"-1,80"
240800847,CC des Portes du Luxembourg,2019-2023,"0,40"
240800862,CC des Crêtes Préardennaises,2019-2023,"-0,20"
240800920,CC de l'Argonne Ardennaise,2019-2023,"-0,80"
240900431,CC du Pays de Tarascon,2019-2023,"-0,10"
240900464,CC du Pays d'Olmes,2019-2023,"0,00"
241000223,"CC Forêts, Lacs, Terres en Champagne",2019-2023,"-0,60"
241000405,CC de la Région de Bar sur Aube,2019-2023,"-0,30"
241000447,CC du Pays d'Othe,2019-2023,"-0,90"
241000488,CC de l'Orvin et de l'Ardusson,2019-2023,"-0,50"
241100593,CA Le Grand Narbonne,2019-2023,"1,00"
241200187,CA Rodez Agglomération,2019-2023,"0,90"
241200542,CC du Réquistanais,2019-2023,"6,80"
241200567,CC de Millau Grands Causses,2019-2023,"0,20"
241200625,CC du Pays Rignacois,2019-2023,"0,00"
241200641,CC Conques-Marcillac,2019-2023,"0,00"
241200658,CC du Pays de Salars,2019-2023,"2,40"
241200674,CC du Plateau de Montbazens,2019-2023,"3,30"
241200765,CC de Lévézou Pareloup,2019-2023,"-0,30"
241200807,CC Aveyron Bas Ségala Viaur,2019-2023,"0,00"
241200906,CC Larzac et Vallées,2019-2023,"0,50"
241200914,CC de la Muse et des Raspes du Tarn,2019-2023,"1,10"
241300375,CC Vallée des Baux-Alpilles (CC VBA),2019-2023,"-0,10"
241300417,CA d'Arles-Crau-Camargue-Montagnette,2019-2023,"0,30"
241400415,CC Coeur Côte Fleurie,2019-2023,"0,50"
241400514,CC du Pays de Falaise,2019-2023,"0,00"
241400555,CC de Bayeux Intercom,2019-2023,"0,10"
241400860,CC Coeur de Nacre,2019-2023,"1,70"
241400878,CC Terre d'Auge,2019-2023,"0,20"
241500230,Aurillac Agglomération,2019-2023,"0,10"
241500255,CC du Pays Gentiane,2019-2023,"0,20"
241500271,CC du Pays de Mauriac,2019-2023,"0,10"
241501055,CC Sumène - Artense,2019-2023,"0,70"
241501089,CC Cère et Goul en Carladès,2019-2023,"1,30"
241501139,CC du Pays de Salers,2019-2023,"-1,90"
241600303,CC du Rouillacais,2019-2023,"0,00"
241700434,CA de La Rochelle,2019-2023,"1,90"
241700459,CC de l'Ile de Ré,2019-2023,"1,70"
241700517,CC Coeur de Saintonge,2019-2023,"0,00"
241700624,CC de l'Ile d'Oléron,2019-2023,"3,00"
241700632,CC de Gémozac et de la Saintonge Viticole,2019-2023,"0,00"
241700640,CA Royan Atlantique,2019-2023,"6,10"
241700699,CC du Bassin de Marennes,2019-2023,"0,20"
241800374,CC la Septaine,2019-2023,"0,20"
241800424,CC le Dunois,2019-2023,"-0,80"
241800432,CC les Trois Provinces,2019-2023,"0,70"
241800457,CC FerCher,2019-2023,"-1,90"
241800507,CA Bourges Plus,2019-2023,"-0,30"
241900133,CC de Ventadour - Egletons - Monédières,2019-2023,"0,00"
241927201,CA Tulle Agglo,2019-2023,"0,10"
241927243,CC du Pays d'Uzerche,2019-2023,"-1,40"
242000354,CA de Bastia,2019-2023,"0,90"
242000495,CC de l'Alta Rocca,2019-2023,"-13,30"
242000503,CC Celavu-Prunelli,2019-2023,"5,90"
242010056,CA du Pays Ajaccien,2019-2023,"1,80"
242010130,CC du Sartenais Valinco Taravo,2019-2023,"0,60"
242020071,CC du Centre Corse,2019-2023,"11,00"
242020105,CC de Calvi Balagne,2019-2023,"3,70"
242100154,CC des Vallées de la Tille et de l'Ignon,2019-2023,"-0,30"
242100410,Dijon Métropole,2019-2023,"1,50"
242101434,CC du Pays Châtillonnais,2019-2023,"-0,40"
242101442,CC de Saulieu-Morvan,2019-2023,"-0,10"
242101459,CC du Pays d'Alésia et de la Seine,2019-2023,"0,50"
242101491,CC du Montbardois,2019-2023,"0,30"
242101509,CC Rives de Saône,2019-2023,"-1,30"
242200715,CC du Kreiz-Breizh (CCKB),2019-2023,"0,00"
242300135,CC du Pays Sostranien,2019-2023,"0,10"
242320000,CC de Bénévent Grand Bourg,2019-2023,"-0,10"
242320109,CC du Pays Dunois,2019-2023,"-1,20"
242400752,CC Périgord-Limousin,2019-2023,"1,20"
242400935,CC du Pays de Saint Aulaye,2019-2023,"-0,20"
242401024,CC Isle-Loue-Auvézère en Périgord,2019-2023,"-0,20"
242500320,CC Entre Doubs et Loue,2019-2023,"0,00"
242500338,CC du Grand Pontarlier,2019-2023,"0,50"
242500361,CU Grand Besançon Métropole,2019-2023,"0,30"
242504116,CC du Val de Morteau,2019-2023,"0,60"
242504181,CC des Portes du Haut-Doubs,2019-2023,"0,40"
242504355,CC du Plateau de Russey,2019-2023,"0,00"
242504371,CC du Pays de Sancey-Belleherbe,2019-2023,"7,00"
242504447,CC du Doubs Baumois,2019-2023,"0,80"
242504488,CC Altitude 800,2019-2023,"5,00"
242504496,CC du Plateau de Frasne et du Val de Drugeon,2019-2023,"-1,00"
242600252,CC du Val de Drôme en Biovallée,2019-2023,"1,20"
242600492,CC Dieulefit-Bourdeaux,2019-2023,"3,60"
242600534,CC du Diois,2019-2023,"0,70"
242700276,CC du Pays de Conches,2019-2023,"-0,30"
242700607,CC du Pays du Neubourg,2019-2023,"0,30"
242852465,CC du Bonnevalais,2019-2023,"0,50"
242900074,CC du Pays d'Iroise,2019-2023,"2,00"
242900314,Brest Métropole,2019-2023,"0,80"
242900553,CC du Pays des Abers,2019-2023,"2,20"
242900561,CC de Haute Cornouaille,2019-2023,"-0,30"
242900629,CC Cap Sizun - Pointe du Raz,2019-2023,"0,00"
242900645,CC Douarnenez Communauté,2019-2023,"-0,10"
242900660,CC du Pays Fouesnantais,2019-2023,"1,00"
242900694,CA Quimperlé Communauté,2019-2023,"0,70"
242900702,CC du Pays Bigouden Sud,2019-2023,"1,90"
242900710,CC du Haut Pays Bigouden,2019-2023,"1,30"
242900744,CC Poher Communauté,2019-2023,"0,70"
242900751,CC du Pays de Landivisiau,2019-2023,"0,10"
242900769,CA Concarneau Cornouaille Agglomération,2019-2023,"1,20"
242900793,CC Communauté Lesneven Côte des Légendes,2019-2023,"1,00"
242900801,CA du Pays de Landerneau-Daoulas,2019-2023,"0,70"
242900835,CA Morlaix Communauté,2019-2023,"0,20"
243000270,CC du Pays Viganais,2019-2023,"0,50"
243000296,CC du Pays de Sommières,2019-2023,"2,30"
243000569,"CC Rhony, Vistre, Vidourle",2019-2023,"4,40"
243000585,CC Beaucaire Terre d'Argence,2019-2023,"0,30"
243000593,CC de Petite Camargue,2019-2023,"0,20"
243000643,CA de Nîmes Métropole,2019-2023,"0,60"
243000650,CC Terre de Camargue,2019-2023,"0,60"
243000684,CC du Pont du Gard,2019-2023,"1,10"
243100518,Toulouse Métropole,2019-2023,"2,60"
243100567,CC Aux sources du Canal du Midi,2019-2023,"-0,20"
243100633,CA du Sicoval,2019-2023,"3,70"
243100732,CC des Coteaux du Girou,2019-2023,"3,40"
243100773,CC Val'Aïgo,2019-2023,"0,70"
243100781,Le Grand Ouest Toulousain agglomération,2019-2023,"2,40"
243100815,CC des Coteaux Bellevue,2019-2023,"2,80"
243200391,CC de la Lomagne Gersoise,2019-2023,"0,50"
243200409,CC du Bas Armagnac,2019-2023,"-0,20"
243200417,CC de la Tenarèze,2019-2023,"0,40"
243200425,CC Coeur d'Astarac en Gascogne,2019-2023,"-1,40"
243200458,CC du Grand Armagnac,2019-2023,"-0,10"
243200508,CC Bastides et Vallons du Gers,2019-2023,"0,40"
243200599,CC du Saves,2019-2023,"0,10"
243200607,CC Artagnan de Fezensac,2019-2023,"0,20"
243300316,Bordeaux Métropole,2019-2023,"1,50"
243300563,CA Bassin d'Arcachon Sud (COBAS),2019-2023,"2,60"
243300811,CC de l'Estuaire,2019-2023,"-1,00"
243301165,CC Jalle-Eau-Bourde,2019-2023,"2,20"
243301181,CC Latitude Nord Gironde,2019-2023,"12,60"
243301215,CC du Créonnais,2019-2023,"3,10"
243301223,CC du Grand Cubzaguais,2019-2023,"3,20"
243301249,CC Les Rives de la Laurence,2019-2023,"4,40"
243301264,CC de Montesquieu,2019-2023,"4,20"
243301355,CC les Coteaux Bordelais,2019-2023,"3,50"
243301371,CC du Pays Foyen,2019-2023,"0,40"
243301389,CC Médullienne,2019-2023,"4,50"
243301397,CC du Fronsadais,2019-2023,"-1,00"
243301405,CC du Val de l'Eyre,2019-2023,"0,20"
243301439,CC des Portes de l'Entre-Deux-Mers,2019-2023,"8,90"
243301447,CC Médoc Estuaire,2019-2023,"5,10"
243301454,CC Castillon/Pujols,2019-2023,"-0,60"
243301504,CA du Bassin d'Arcachon Nord (COBAN),2019-2023,"3,10"
243400017,Montpellier Méditerranée Métropole,2019-2023,"2,80"
243400355,CC du Clermontais,2019-2023,"2,30"
243400470,CA du Pays de l'Or,2019-2023,"5,20"
243400488,CC la Domitienne,2019-2023,"6,00"
243400520,CA Lunel Agglo,2019-2023,"1,10"
243400694,CC Vallée de l'Hérault,2019-2023,"1,70"
243400736,CC des Cévennes Gangeoises et Suménoises,2019-2023,"-0,10"
243400769,CA de Béziers-Méditerranée,2019-2023,"1,80"
243400819,CA Hérault-Méditerranée,2019-2023,"4,90"
243500139,Rennes Métropole,2019-2023,"1,70"
243500550,CC Montfort Communauté,2019-2023,"1,40"
243500618,CC Brocéliande Communauté,2019-2023,"0,60"
243500634,Roche aux Fées Communauté,2019-2023,"0,90"
243500659,CC Pays de Châteaugiron Communauté,2019-2023,"1,60"
243500667,CC Val d'Ille-Aubigné,2019-2023,"3,90"
243500725,CC Côte d'Emeraude,2019-2023,"2,90"
243500733,CC Bretagne Romantique,2019-2023,"0,80"
243500741,CA Redon Agglomération,2019-2023,"0,20"
243500774,CC Liffré-Cormier Communauté,2019-2023,"4,60"
243500782,CA du Pays de Saint Malo Agglomération,2019-2023,"0,40"
243600202,CC Chabris - Pays de Bazelle,2019-2023,"-1,20"
243600236,CC du Pays d'Issoudun,2019-2023,"-0,10"
243600293,CC Levroux Boischaut Champagne,2019-2023,"0,20"
243600301,CC Val de l'Indre - Brenne,2019-2023,"0,20"
243600319,CC Brenne - Val de Creuse,2019-2023,"0,60"
243600327,CA Châteauroux Métropole,2019-2023,"-0,10"
243600343,CC Coeur de Brenne,2019-2023,"-1,40"
243600350,CC de la Châtre et Sainte-Sévère,2019-2023,"-0,20"
243700499,CC du Castelrenaudais,2019-2023,"-0,40"
243700754,Tours Métropole Val de Loire,2019-2023,"1,00"
243700820,CC Autour de Chenonceaux Bléré-Val de Cher,2019-2023,"0,70"
243800604,CA Porte de l'Isère (CAPI),2019-2023,"0,00"
243800745,CC de l'Oisans,2019-2023,"2,50"
243800935,CC Lyon-Saint-Exupéry en Dauphiné,2019-2023,"0,20"
243800984,CA du Pays Voironnais,2019-2023,"1,70"
243801024,CC du Massif du Vercors,2019-2023,"0,80"
243801073,CC de Bièvre Est,2019-2023,"0,50"
243801255,CC Collines Isère Nord Communauté,2019-2023,"0,80"
243900354,CC de la Station des Rousses-Haut Jura,2019-2023,"0,30"
243900420,CC du Val d'Amour,2019-2023,"-0,10"
243900479,CC Haut-Jura Arcade Communauté,2019-2023,"1,00"
243900560,CC Jura Nord,2019-2023,"-0,70"
243900610,CC la Grandvallière,2019-2023,"0,80"
243901089,CC de la Plaine Jurassienne,2019-2023,"0,00"
244000543,CC de Mimizan,2019-2023,"7,00"
244000659,CC du Seignanx,2019-2023,"3,30"
244000675,CA du Grand Dax,2019-2023,"3,50"
244000691,CC du Pays Morcenais,2019-2023,"0,50"
244000766,CC du Pays Tarusate,2019-2023,"-0,30"
244000774,CC du Pays de Villeneuve en Armagnac Landais,2019-2023,"4,10"
244000808,CA Mont de Marsan Agglomération,2019-2023,"3,50"
244000824,CC du Pays Grenadois,2019-2023,"0,00"
244000857,CC Côte Landes Nature,2019-2023,"2,50"
244000865,CC Maremne Adour Côte Sud,2019-2023,"4,00"
244000873,CC des Grands Lacs,2019-2023,"2,70"
244000881,CC Coteaux et Vallées des Luys,2019-2023,"10,80"
244100293,CC des Collines du Perche,2019-2023,"-0,20"
244100780,CC de la Sologne des Etangs,2019-2023,"-0,20"
244100798,CC du Grand Chambord,2019-2023,"0,60"
244100806,CC de la Sologne des Rivières,2019-2023,"-0,50"
244200614,CC des Vals d'Aix et Isable,2019-2023,"-0,70"
244200622,CC des Monts du Pilat,2019-2023,"0,20"
244200630,CC du Pays Entre Loire et Rhône,2019-2023,"-0,30"
244200770,Saint-Étienne Métropole,2019-2023,"0,00"
244200820,CC du Pays d'Urfé,2019-2023,"-0,40"
244200895,CC du Pilat Rhodanien,2019-2023,"-0,10"
244300307,CC Haut Pays du Velay,2019-2023,"-0,70"
244301016,CC des Sucs,2019-2023,"0,40"
244301099,CC Auzon Communauté,2019-2023,"0,30"
244301107,CC du Haut Lignon,2019-2023,"-0,80"
244301123,CC des Pays de Cayres et de Pradelles,2019-2023,"-0,60"
244301131,CC Loire et Semène,2019-2023,"-0,30"
244400404,Nantes Métropole,2019-2023,"2,10"
244400438,Grand Lieu Communauté,2019-2023,"3,60"
244400453,CC du Pays de Blain,2019-2023,"0,50"
244400503,CC d'Erdre et Gesvres,2019-2023,"4,60"
244400537,CC de Nozay,2019-2023,"0,00"
244400552,CC du Pays d'Ancenis,2019-2023,"0,80"
244400586,CC du Sud Estuaire,2019-2023,"1,60"
244400610,CA de la Presqu'île de Guérande Atlantique (Cap Atlantique),2019-2023,"3,10"
244400644,CA de la Région Nazairienne et de l'Estuaire (CARENE),2019-2023,"0,80"
244500203,CA Montargoise et Rives du Loing (AME),2019-2023,"0,10"
244500211,CC Giennoises,2019-2023,"-2,00"
244500419,CC des Quatre Vallées,2019-2023,"-0,10"
244500427,CC des Loges,2019-2023,"1,40"
244500468,Orléans Métropole,2019-2023,"0,80"
244500484,CC de la Forêt,2019-2023,"-0,10"
244500542,CC de la Plaine du Nord Loiret,2019-2023,"-0,20"
244600433,CC de la Vallée du Lot et du Vignoble,2019-2023,"-0,50"
244600482,CC Quercy - Bouriane,2019-2023,"-1,20"
244600532,CC du Pays de Lalbenque-Limogne,2019-2023,"0,00"
244600573,CC du Causse de Labastide Murat,2019-2023,"0,00"
244700449,CC du Pays de Duras,2019-2023,"0,00"
244700464,CC du Pays de Lauzun,2019-2023,"0,00"
244701355,CC des Coteaux et Landes de Gascogne,2019-2023,"-0,10"
244701405,CC Lot et Tolzac,2019-2023,"0,00"
244800405,CC Coeur de Lozère,2019-2023,"1,60"
244800470,CC du Gévaudan,2019-2023,"0,80"
244900015,CU Angers Loire Métropole,2019-2023,"0,00"
244900809,CC Anjou Bleu Communauté,2019-2023,"-0,20"
244900882,CC Baugeois Vallée,2019-2023,"-0,90"
245100615,CC de la Grande Vallée de la Marne,2019-2023,"-0,50"
245100888,CC de la Brie Champenoise,2019-2023,"-0,40"
245100979,CC du Sud Marnais,2019-2023,"0,30"
245200597,CC des Trois Forêts,2019-2023,"-0,60"
245300223,CC du Pays de Meslay-Grez,2019-2023,"0,00"
245300355,CC de l'Ernée,2019-2023,"-0,60"
245300389,CC du Bocage Mayennais,2019-2023,"-0,60"
245300447,CC du Pays de Château-Gontier,2019-2023,"-0,70"
245400171,CC Moselle et Madon,2019-2023,"0,60"
245400189,CC des Pays du Sel et du Vermois,2019-2023,"0,60"
245400262,Agglomération du Grand Longwy,2019-2023,"0,00"
245400510,CC du Pays de Colombey et du Sud Toulois,2019-2023,"-1,70"
245400601,CC du Bassin de Pompey,2019-2023,"-0,30"
245400676,Métropole du Grand Nancy,2019-2023,"0,20"
245400759,CC du Pays du Sanon,2019-2023,"0,00"
245500327,CC du Sammiellois,2019-2023,"-5,10"
245501176,CC du Territoire de Fresnes-en-Woëvre,2019-2023,"-2,10"
245501184,CC du Pays de Revigny-sur-Ornain,2019-2023,"-5,10"
245501242,CC du Pays d'Étain,2019-2023,"-0,20"
245501259,CC du Pays de Montmédy,2019-2023,"-0,60"
245600440,CC Blavet Bellevue Océan,2019-2023,"1,40"
245600465,CC de Belle Ile en Mer,2019-2023,"-0,40"
245614383,CC Questembert Communauté,2019-2023,"0,80"
245614417,CC Roi Morvan Communauté,2019-2023,"-0,20"
245614433,CC Pontivy Communauté,2019-2023,"-0,30"
245700133,CC du District Urbain de Faulquemont (DUF),2019-2023,"-0,60"
245700372,CA de Forbach Porte de France,2019-2023,"-0,30"
245700398,CC de Freyming-Merlebach,2019-2023,"-1,20"
245700695,CC de Cattenom et Environs,2019-2023,"-0,40"
245700950,CC du Pays de Phalsbourg,2019-2023,"0,00"
245701164,CC du Warndt,2019-2023,"-0,10"
245701206,CC du Saulnois,2019-2023,"-1,90"
245701222,CA du Val de Fensch,2019-2023,"0,30"
245701271,CC du Pays Orne Moselle,2019-2023,"1,40"
245701354,CC de l'Arc Mosellan,2019-2023,"0,60"
245701362,CA Portes de France-Thionville,2019-2023,"1,10"
245701404,CC du Pays Haut Val d'Alzette,2019-2023,"4,00"
245801063,CC Loire et Allier,2019-2023,"2,70"
245804406,CA de Nevers,2019-2023,"-0,30"
245804497,CC du Nivernais Bourbonnais,2019-2023,"-0,20"
245900428,CU de Dunkerque,2019-2023,"0,10"
245900758,CC Flandre Lys,2019-2023,"3,30"
245901038,CC du Pays Solesmois,2019-2023,"-0,60"
245901152,CA Coeur d'Ostrevent,2019-2023,"0,10"
245901160,CA Valenciennes Métropole,2019-2023,"0,50"
246000129,CC du Liancourtois,2019-2023,"1,00"
246000376,CC du Clermontois,2019-2023,"0,90"
246000566,CC du Plateau Picard,2019-2023,"-0,80"
246000582,CC des Sablons,2019-2023,"1,20"
246000707,CC du Vexin-Thelle,2019-2023,"-0,30"
246000749,CC des Lisières de l'Oise,2019-2023,"-0,20"
246000756,CC du Pays Noyonnais,2019-2023,"-0,30"
246000764,CC de l'Aire Cantilienne,2019-2023,"0,20"
246000772,CC des Deux Vallées,2019-2023,"2,20"
246000848,CC de la Picardie Verte,2019-2023,"-0,60"
246000855,CC du Pays des Sources,2019-2023,"4,40"
246000871,CC du Pays de Valois,2019-2023,"1,80"
246000897,CC de la Plaine d'Estrées,2019-2023,"0,30"
246000913,CC du Pays de Bray,2019-2023,"-0,30"
246000921,CC des Pays d'Oise et d'Halatte,2019-2023,"0,80"
246100390,CC du Val d'Orne,2019-2023,"-2,50"
246100663,CU d'Alençon,2019-2023,"0,20"
246200299,CA d'Hénin-Carvin,2019-2023,"0,20"
246200364,CA de Lens - Liévin,2019-2023,"0,00"
246200380,CC de la Terre des Deux Caps,2019-2023,"2,00"
246200729,CA du Boulonnais,2019-2023,"0,00"
246200844,CC de la Région d'Audruicq,2019-2023,"0,00"
246201016,CC du Pays de Lumbres,2019-2023,"-0,30"
246300701,Clermont Auvergne Métropole,2019-2023,"1,30"
246300966,CC du Massif du Sancy,2019-2023,"-0,10"
246301097,CC Entre Dore et Allier,2019-2023,"-0,10"
246400337,CC de la Vallée d'Ossau,2019-2023,"0,00"
246401756,CC Pays de Nay,2019-2023,"1,40"
246500482,CC de la Haute-Bigorre,2019-2023,"-0,10"
246500573,CC Aure Louron,2019-2023,"-0,70"
246600282,CC Sud-Roussillon,2019-2023,"2,80"
246600373,CC du Vallespir,2019-2023,"2,00"
246600399,CC Pyrénées Cerdagne,2019-2023,"1,50"
246600415,CC Roussillon-Conflent,2019-2023,"2,00"
246600423,CC Agly Fenouillèdes,2019-2023,"-0,90"
246600449,CC des Aspres,2019-2023,"1,70"
246600464,CC Pyrénées Catalanes,2019-2023,"-1,30"
246600548,CC du Haut Vallespir,2019-2023,"-0,90"
246700306,CC de la Vallée de la Bruche,2019-2023,"-0,10"
246700488,Eurométropole de Strasbourg,2019-2023,"1,10"
246700744,CC des Portes de Rosheim,2019-2023,"0,40"
246700777,CC de la Vallée de Villé,2019-2023,"-1,10"
246700843,CC de la Basse-Zorn,2019-2023,"8,10"
246700926,CC du Pays de Wissembourg,2019-2023,"2,30"
246700959,CC du Pays de la Zorn,2019-2023,"1,60"
246700967,CC de Sélestat,2019-2023,"-0,10"
246701064,CC de la Région de Molsheim-Mutzig,2019-2023,"1,70"
246701080,CC du Pays de Sainte-Odile,2019-2023,"2,10"
246701098,CC du Pays de Niederbronn-les-Bains,2019-2023,"3,40"
246800205,CC de la Vallée de Saint-Amarin,2019-2023,"-0,50"
246800395,CC du Val d'Argent,2019-2023,"-0,50"
246800445,CC du Centre du Haut-Rhin,2019-2023,"-0,50"
246800494,"CC du Pays de Rouffach, Vignobles et Châteaux",2019-2023,"-0,40"
246800551,CC de la Vallée de Kaysersberg,2019-2023,"-0,10"
246800569,CC de la Région de Guebwiller,2019-2023,"-0,50"
246800577,CC du Pays de Ribeauvillé,2019-2023,"-0,50"
246800585,CC de la Vallée de Munster,2019-2023,"-0,70"
246800676,CC de la Vallée de la Doller et du Soultzbach,2019-2023,"-0,60"
246800726,CA Colmar Agglomération,2019-2023,"0,20"
246900575,CC de l'Est Lyonnais (CCEL),2019-2023,"4,80"
246900625,CC du Pays de l'Arbresle (CCPA),2019-2023,"1,50"
246900724,CC des Vallons du Lyonnais (CCVL),2019-2023,"3,20"
246900740,CC du Pays Mornantais (COPAMO),2019-2023,"4,50"
246900757,CC de la Vallée du Garon (CCVG),2019-2023,"2,50"
246900765,CC du Pays de l'Ozon,2019-2023,"5,40"
247000011,CA de Vesoul,2019-2023,"0,30"
247000367,CC des Combes,2019-2023,"1,90"
247000623,CC des Quatre Rivières,2019-2023,"-0,50"
247000664,CC du Pays de Lure,2019-2023,"0,20"
247000698,CC des Monts de Gy,2019-2023,"0,60"
247000706,CC du Pays Riolais,2019-2023,"4,10"
247000714,CC du Pays de Villersexel,2019-2023,"1,00"
247000722,CC du Pays d'Héricourt,2019-2023,"-0,10"
247000755,CC du Pays de Luxeuil,2019-2023,"0,20"
247000821,CC Rahin et Chérimont,2019-2023,"-0,10"
247000854,CC des 1000 étangs,2019-2023,"0,00"
247100290,CU Le Creusot Montceau-les-Mines,2019-2023,"-0,50"
247100589,CA Le Grand Chalon,2019-2023,"-0,10"
247100639,CC de Marcigny,2019-2023,"-0,70"
247100647,CC Bresse Nord Intercom',2019-2023,"3,70"
247103765,CC Entre Saône et Grosne,2019-2023,"0,10"
247103864,CC de Semur en Brionnais,2019-2023,"0,30"
247104094,CC Sud Côte Chalonnaise,2019-2023,"-0,80"
247200090,CC du Pays Sabolien,2019-2023,"1,00"
247200132,CU Le Mans Métropole,2019-2023,"0,40"
247200348,CC du Pays Fléchois,2019-2023,"0,00"
247200421,CC du Sud Est Manceau,2019-2023,"2,30"
247200447,CC Orée de Bercé - Belinois,2019-2023,"0,80"
247200629,CC du Val de Sarthe,2019-2023,"0,70"
247200686,Communauté de communes du Perche Emeraude,2019-2023,"-2,30"
247300015,CC des Vallées d'Aigueblanche,2019-2023,"-0,40"
247300254,CC de Haute-Tarentaise,2019-2023,"0,80"
247300262,CC de Yenne,2019-2023,"2,20"
247300361,CC du Canton de La Chambre,2019-2023,"0,00"
247300452,CC Maurienne Galibier,2019-2023,"0,00"
247300528,CC Val Guiers,2019-2023,"0,60"
247300668,CC du Lac d'Aiguebelette (CCLA),2019-2023,"2,00"
247300676,CC Porte de Maurienne,2019-2023,"0,00"
247300817,CC Les Versants d'Aime,2019-2023,"0,00"
247400047,CC de la Vallée Verte,2019-2023,"-0,10"
247400112,CC du Pays de Cruseilles,2019-2023,"7,30"
247400567,CC Fier et Usses,2019-2023,"4,50"
247400583,CC Arve et Salève,2019-2023,"5,30"
247400617,CC des Vallées de Thônes,2019-2023,"0,80"
247400666,CC des Quatre Rivières,2019-2023,"1,30"
247400682,CC du Haut Chablais,2019-2023,"1,50"
247400690,CC du Genevois,2019-2023,"2,30"
247400724,CC du Pays Rochois,2019-2023,"1,90"
247400740,CC Rumilly Terre de Savoie,2019-2023,"1,20"
247400773,CC des Sources du Lac d'Annecy,2019-2023,"2,00"
247600505,CC Campagne-de-Caux,2019-2023,"-1,40"
247600588,CC des Villes Soeurs,2019-2023,"0,60"
247600604,CC de Londinières,2019-2023,"1,30"
247600620,CC Yvetot Normandie,2019-2023,"0,00"
247600646,CC Caux - Austreberthe,2019-2023,"-0,10"
247600729,CC Falaises du Talou,2019-2023,"-0,40"
247600786,CA de la Région Dieppoise,2019-2023,"0,20"
247700032,CC Moret Seine et Loing,2019-2023,"1,40"
247700057,CA Melun Val de Seine,2019-2023,"1,00"
247700065,CC du Pays de l'Ourcq,2019-2023,"-0,10"
247700107,CC Pays de Montereau,2019-2023,"-0,20"
247700339,CA Val d'Europe Agglomération,2019-2023,"5,40"
247700594,CA Marne et Gondoire,2019-2023,"3,30"
247700644,CC l'Orée de la Brie,2019-2023,"2,30"
247700701,CC Brie Nangissienne,2019-2023,"0,50"
247800550,CC du Pays Houdanais (CCPH),2019-2023,"2,50"
247800584,CA Versailles Grand Parc (CAVGP),2019-2023,"2,90"
247800618,CC Coeur d'Yvelines,2019-2023,"4,90"
247900798,CC du Thouarsais,2019-2023,"-0,80"
248000499,CC du Val de Somme,2019-2023,"0,40"
248000531,CA Amiens Métropole,2019-2023,"0,40"
248000747,CC du Pays du Coquelicot,2019-2023,"-0,10"
248100158,CC du Sor et de l'Agout,2019-2023,"0,20"
248100430,CA de Castres Mazamet,2019-2023,"-0,10"
248100497,CC Val 81,2019-2023,"8,70"
248100737,CA de l'Albigeois (C2A),2019-2023,"0,90"
248100745,CC Thoré Montagne Noire,2019-2023,"-0,80"
248200016,CC des Deux Rives,2019-2023,"-0,30"
248200057,CC du Quercy Caussadais,2019-2023,"2,70"
248200065,CC de la Lomagne Tarn-et-Garonnaise,2019-2023,"-1,00"
248200099,CA Grand Montauban,2019-2023,"2,00"
248200107,Quercy Rouergue et des Gorges de l'Aveyron,2019-2023,"-1,70"
248300394,CA Sud Sainte Baume,2019-2023,"9,50"
248300410,CC de la Vallée du Gapeau,2019-2023,"4,00"
248300493,Dracénie Provence Verdon Agglomération,2019-2023,"4,20"
248300543,Métropole Toulon-Provence-Méditerranée,2019-2023,"1,60"
248300550,CC Coeur du Var,2019-2023,"2,40"
248400053,CA Ventoux-Comtat-Venaissin (COVE),2019-2023,"1,60"
248400160,CC Aygues-Ouvèze en Provence (CCAOP),2019-2023,"4,30"
248400236,Pays d'Orange en Provence,2019-2023,"0,80"
248400251,CA du Grand Avignon (COGA),2019-2023,"1,40"
248400285,Communauté de Communes Sud Luberon,2019-2023,"3,30"
248400293,CA des Sorgues du Comtat,2019-2023,"1,90"
248400319,CC du Pays des Sorgues et des Monts de Vaucluse,2019-2023,"0,80"
248400335,CC Vaison Ventoux,2019-2023,"-0,60"
248500191,CC de l'Ile de Noirmoutier,2019-2023,"3,50"
248500258,CC Océan Marais de Monts,2019-2023,"4,20"
248500340,CC Pays de Chantonnay,2019-2023,"0,70"
248500415,CC du Pays de la Châtaigneraie,2019-2023,"-0,10"
248500464,CC du Pays de Pouzauges,2019-2023,"-0,10"
248500530,CC du Pays des Achards,2019-2023,"2,70"
248500563,"CC Vendée, Sèvre, Autise",2019-2023,"-0,30"
248500589,CA La Roche-sur-Yon - Agglomération,2019-2023,"1,50"
248500621,CC du Pays des Herbiers,2019-2023,"1,80"
248500662,CC du Pays de Mortagne,2019-2023,"1,20"
248600413,CA Grand Châtellerault,2019-2023,"-0,40"
248600447,CC du Pays Loudunais,2019-2023,"1,00"
248700189,CC du Pays de Saint Yrieix,2019-2023,"1,20"
248719262,CC Gartempe - Saint Pardoux,2019-2023,"0,00"
248719288,CC du Val de Vienne,2019-2023,"1,30"
248719312,CU Limoges Métropole,2019-2023,"0,60"
248719338,CC Briance-Combade,2019-2023,"1,40"
248719353,CC des Portes de Vassivière,2019-2023,"0,30"
248719361,CC de Noblat,2019-2023,"-2,00"
248900334,CA du Grand Sénonais,2019-2023,"0,30"
248900383,CC de l'Agglomération Migennoise,2019-2023,"-0,70"
248900524,CC de l'Aillantais en Bourgogne,2019-2023,"-0,30"
248900664,CC de la Vanne et du Pays d'Othe,2019-2023,"-0,50"
248900748,CC du Gâtinais en Bourgogne,2019-2023,"-0,80"
248900896,CC Yonne Nord,2019-2023,"0,70"
248900938,CC du Jovinien,2019-2023,"0,10"
249000241,CC du Sud Territoire,2019-2023,"-1,00"
249100074,CC du Pays de Limours (CCPL),2019-2023,"5,10"
249100157,CC des 2 Vallées,2019-2023,"6,70"
249100546,CC du Val d'Essonne (CCVE),2019-2023,"3,00"
249100553,CC Entre Juine et Renarde (CCEJR),2019-2023,"1,00"
249100595,CC le Dourdannais en Hurepoix (CCDH),2019-2023,"0,40"
249500109,CA de Cergy-Pontoise,2019-2023,"0,20"
249500430,CC Sausseron Impressionnistes,2019-2023,"3,10"
249500455,CC de la Vallée de l'Oise et des Trois Forêts,2019-2023,"4,90"
249500489,CC du Haut Val d'Oise,2019-2023,"0,70"
249500513,CC du Vexin-Val de Seine,2019-2023,"2,00"
249710047,CC de Marie-Galante,2019-2023,"1,90"
249710062,CA du Nord Basse-Terre,2019-2023,"1,60"
249710070,CA Grand Sud Caraïbe,2019-2023,"1,10"
249720053,CA de l'Espace Sud de la Martinique,2019-2023,"0,90"
249720061,CA du Centre de la Martinique,2019-2023,"1,00"
249730037,CC de l'Ouest Guyanais,2019-2023,"6,90"
249730045,CA du Centre Littoral,2019-2023,"2,50"
249730052,CC de l'Est Guyanais,2019-2023,"-0,90"
249740077,CA CIVIS (Communauté Intercommunale des Villes Solidaires),2019-2023,"1,90"
249740085,CA du Sud,2019-2023,"3,40"
249740093,CA Intercommunale de la Réunion Est (CIREST),2019-2023,"0,90"
249740101,CA Territoire de la Côte Ouest (TCO),2019-2023,"1,60"
249740119,CA Intercommunale du Nord de la Réunion (CINOR),2019-2023,"1,40"